brand,processor_name,processor_cores,processor_speed,os,ram,is_ram_gb,storage,is_storage_gb,battery_capacity,DualSim,Volte,is_5G,is_Vo5G,wifi,ngc,irblaster,display_size,display_height,display_width,rear_camera,front_camera,price
OnePlus,Snapdragon,8.0,3.2,Android,12,1,256,1.0,5000,1,1,1,0,1,1,0,6.7,3216.0,1440.0,50.0,16.0,54999
OnePlus,Snapdragon,8.0,2.2,Android,6,1,128,1.0,5000,1,1,1,0,1,0,0,6.59,2412.0,1080.0,64.0,16.0,19989
Samsung,Exynos,8.0,2.4,Android,4,1,64,1.0,5000,1,1,1,0,1,0,0,6.6,2408.0,1080.0,50.0,13.0,16499
Motorola,Snapdragon,8.0,2.2,Android,6,1,128,1.0,5000,1,1,1,0,1,0,0,6.55,2400.0,1080.0,50.0,16.0,14999
Realme,Dimensity,8.0,2.6,Android,6,1,128,1.0,5000,1,1,1,0,1,0,0,6.7,2412.0,1080.0,108.0,16.0,24999
Samsung,Snapdragon,8.0,2.2,Android,6,1,128,1.0,5000,1,1,1,0,1,1,0,6.6,2408.0,1080.0,50.0,8.0,16999
Apple,Bionic,6.0,3.22,iOS,6,1,128,1.0,3279,1,1,1,0,1,1,0,6.1,2532.0,1170.0,12.0,12.0,65999
Xiaomi,Dimensity,8.0,2.6,Android,8,1,256,1.0,4980,1,1,1,0,1,0,1,6.67,2400.0,1080.0,200.0,16.0,29999
Others,Snapdragon,8.0,2.5,Android,8,1,128,1.0,4500,1,1,1,0,1,1,0,6.55,2400.0,1080.0,50.0,16.0,26749
OnePlus,Dimensity,8.0,3.0,Android,8,1,128,1.0,4500,1,1,1,0,1,1,0,6.43,2400.0,1080.0,50.0,32.0,28999
Realme,Snapdragon,8.0,2.2,Android,6,1,128,1.0,5000,1,1,1,0,1,0,0,6.72,2400.0,1080.0,108.0,16.0,18999
OPPO,Dimensity,8.0,2.2,Android,8,1,128,1.0,5000,1,1,1,0,1,1,0,6.56,1612.0,720.0,50.0,8.0,18999
Xiaomi,Dimensity,8.0,2.6,Android,6,1,128,1.0,5000,1,1,1,0,1,0,1,6.67,2400.0,1080.0,50.0,16.0,24762
Vivo,Snapdragon,8.0,2.2,Android,6,1,128,1.0,5000,1,1,1,0,1,0,0,6.58,2408.0,1080.0,50.0,16.0,16990
Samsung,Snapdragon,8.0,3.2,Android,8,1,256,1.0,5000,1,1,1,1,1,1,0,6.8,3088.0,1440.0,200.0,12.0,114990
Apple,Bionic,6.0,3.22,iOS,4,1,128,1.0,3240,1,1,1,0,1,1,0,6.1,2532.0,1170.0,12.0,12.0,62999
Vivo,Helio,8.0,2.3,Android,3,1,32,1.0,5000,1,1,0,0,1,0,0,6.51,1600.0,720.0,13.0,5.0,9999
OPPO,Snapdragon,8.0,3.2,Android,16,1,256,1.0,4700,1,1,1,0,1,1,0,6.7,2412.0,1080.0,50.0,32.0,45999
OnePlus,Dimensity,8.0,2.85,Android,8,1,128,1.0,5000,1,1,1,0,1,1,0,6.7,2412.0,1080.0,50.0,16.0,32999
Vivo,Helio,8.0,2.0,Android,4,1,64,1.0,5000,1,1,0,0,1,0,0,6.55,1612.0,720.0,50.0,8.0,14499
OnePlus,Snapdragon,8.0,3.2,Android,8,1,128,1.0,5000,1,1,1,0,1,1,0,6.7,2412.0,1080.0,50.0,16.0,39999
Vivo,Dimensity,8.0,3.0,Android,8,1,128,1.0,4830,1,1,1,0,1,0,0,6.56,2376.0,1080.0,64.0,32.0,35999
POCO,Snapdragon,8.0,2.2,Android,6,1,64,1.0,5000,1,1,1,0,1,0,1,6.67,2400.0,1080.0,64.0,16.0,14999
Xiaomi,Snapdragon,8.0,2.0,Android,4,1,128,1.0,5000,1,1,1,0,1,0,1,6.67,2400.0,1080.0,48.0,13.0,17859
Vivo,Dimensity,8.0,3.2,Android,12,1,256,1.0,4800,1,1,1,0,1,1,0,6.7,2400.0,1080.0,64.0,32.0,42990
Samsung,Snapdragon,8.0,2.84,Android,8,1,128,1.0,4500,1,1,1,0,1,1,0,6.5,2400.0,1080.0,12.0,32.0,31239
OnePlus,Snapdragon,8.0,2.2,Android,8,1,128,1.0,5000,1,1,1,0,1,0,0,6.59,2412.0,1080.0,64.0,16.0,21995
Apple,Bionic,6.0,2.4,iOS,6,1,128,1.0,4323,1,1,1,0,1,1,0,6.7,2796.0,1290.0,48.0,12.0,129990
Vivo,Dimensity,8.0,2.0,Android,8,1,128,1.0,4500,1,1,1,0,1,0,0,6.44,2408.0,1080.0,64.0,50.0,27999
OnePlus,Snapdragon,8.0,3.2,Android,8,1,128,1.0,4500,1,1,1,0,1,1,0,6.7,3216.0,1440.0,50.0,16.0,69999
Realme,Snapdragon,8.0,2.2,Android,8,1,128,1.0,5000,1,1,1,0,1,0,0,6.72,2400.0,1080.0,108.0,16.0,19999
POCO,Snapdragon,8.0,2.4,Android,6,1,128,1.0,5000,1,1,1,0,1,1,1,6.67,2400.0,1080.0,108.0,16.0,20999
Vivo,Dimensity,8.0,2.2,Android,8,1,256,1.0,4700,1,1,1,0,1,0,0,6.56,2400.0,1080.0,64.0,50.0,27990
Apple,Bionic,6.0,2.65,iOS,4,1,64,1.0,3110,1,1,0,0,1,1,0,6.1,1792.0,828.0,12.0,12.0,38999
Samsung,Dimensity,8.0,2.4,Android,6,1,128,1.0,5000,1,1,1,0,1,0,0,6.7,2400.0,1080.0,108.0,32.0,23790
Samsung,Exynos,8.0,2.9,Android,8,1,128,1.0,4500,1,1,1,0,1,1,0,6.4,2340.0,1080.0,12.0,32.0,39999
OPPO,Snapdragon,8.0,2.2,Android,8,1,256,1.0,5000,1,1,1,0,1,1,0,6.67,2400.0,1080.0,108.0,16.0,29990
Samsung,Snapdragon,8.0,3.0,Android,12,1,256,1.0,5000,1,1,1,0,1,1,0,6.8,3080.0,1440.0,108.0,40.0,91999
Xiaomi,Snapdragon,8.0,2.36,Android,6,1,128,1.0,5200,1,1,1,0,1,0,1,6.67,2460.0,1080.0,108.0,32.0,32999
OPPO,Snapdragon,8.0,2.4,Android,8,1,256,1.0,4500,1,1,1,0,1,1,0,6.7,2412.0,1080.0,64.0,32.0,28499
OnePlus,Snapdragon,8.0,2.2,Android,6,1,128,1.0,5000,1,1,1,0,1,1,0,6.7,2412.0,1080.0,108.0,16.0,21999
Xiaomi,Snapdragon,8.0,2.2,Android,6,1,128,1.0,5000,1,1,1,0,1,0,1,6.67,2400.0,1080.0,108.0,16.0,19999
Motorola,Dimensity,8.0,2.4,Android,6,1,128,1.0,5000,1,1,1,0,1,1,0,6.67,2400.0,1080.0,108.0,32.0,18999
Realme,Dimensity,8.0,2.6,Android,8,1,256,1.0,5000,1,1,1,0,1,0,0,6.7,2412.0,1080.0,108.0,16.0,27999
Vivo,Snapdragon,8.0,2.4,Android,8,1,128,1.0,5000,1,1,0,0,1,0,0,6.58,2408.0,1080.0,50.0,16.0,18499
Samsung,Exynos,8.0,2.4,Android,6,1,128,1.0,6000,1,1,1,0,1,1,0,6.6,2400.0,1080.0,50.0,8.0,17478
Xiaomi,Snapdragon,8.0,2.4,Android,4,1,64,1.0,5000,1,1,0,0,1,0,1,6.43,2400.0,1080.0,50.0,13.0,11936
Realme,Unisoc,8.0,1.8,Android,3,1,32,1.0,5000,1,1,0,0,1,0,0,6.5,1600.0,720.0,50.0,5.0,8950
Vivo,Helio,8.0,2.3,Android,4,1,64,1.0,5000,1,1,0,0,1,0,0,6.51,1600.0,720.0,13.0,5.0,12489
Samsung,Snapdragon,8.0,2.36,Android,8,1,128,1.0,5000,1,1,1,0,1,1,0,6.7,2412.0,1080.0,108.0,32.0,42999
Samsung,Exynos,8.0,2.4,Android,6,1,128,1.0,5000,1,1,1,0,1,0,0,6.6,2408.0,1080.0,50.0,13.0,18999
iQOO,Dimensity,8.0,3.1,Android,8,1,128,1.0,5000,1,1,1,0,1,1,1,6.78,2400.0,1080.0,64.0,16.0,29999
Others,Snapdragon,8.0,2.2,Android,4,1,32,1.0,5000,1,1,1,0,1,0,0,6.5,1600.0,720.0,13.0,8.0,11990
Motorola,Snapdragon,8.0,2.2,Android,6,1,128,1.0,5000,1,1,1,0,1,1,0,6.6,2400.0,1080.0,50.0,16.0,18999
Realme,Helio,8.0,2.2,Android,4,1,64,1.0,5000,1,1,0,0,1,0,0,6.4,2400.0,1080.0,50.0,16.0,13999
Realme,Dimensity,8.0,2.4,Android,4,1,64,1.0,5000,1,1,1,0,1,0,0,6.6,2408.0,1080.0,50.0,8.0,14965
Apple,Bionic,6.0,3.22,iOS,6,1,128,1.0,4325,1,1,1,0,1,1,0,6.7,2778.0,1284.0,12.0,12.0,74999
Xiaomi,Helio,8.0,2.05,Android,6,1,64,1.0,5000,1,1,0,0,1,0,1,6.43,2400.0,1080.0,64.0,13.0,10999
Samsung,Snapdragon,8.0,3.2,Android,8,1,256,1.0,4700,1,1,1,1,1,1,0,6.6,2340.0,1080.0,50.0,12.0,84990
Motorola,Snapdragon,8.0,2.4,Android,4,1,64,1.0,5000,1,1,0,0,1,0,0,6.55,2400.0,1080.0,50.0,16.0,10499
Xiaomi,Dimensity,8.0,2.0,Android,6,1,128,1.0,5000,1,1,1,0,1,1,1,6.67,2460.0,1080.0,108.0,16.0,17990
Vivo,Snapdragon,8.0,3.2,Android,8,1,128,1.0,4600,1,1,1,0,1,1,0,6.78,2400.0,1080.0,64.0,50.0,29990
Samsung,Snapdragon,8.0,2.4,Android,6,1,128,1.0,5000,1,1,0,0,1,0,0,6.6,2408.0,1080.0,50.0,8.0,18499
Vivo,Helio,8.0,2.0,Android,6,1,128,1.0,5000,1,1,0,0,1,0,0,6.55,1612.0,720.0,50.0,8.0,16499
POCO,Dimensity,8.0,2.4,Android,6,1,128,1.0,5000,1,1,1,0,1,0,1,6.6,2400.0,1080.0,50.0,16.0,14999
Vivo,Dimensity,8.0,3.1,Android,8,1,256,1.0,4600,1,1,1,0,1,1,0,6.78,2400.0,1080.0,50.0,50.0,35499
OnePlus,Snapdragon,8.0,3.0,Android,8,1,128,1.0,5000,1,1,1,0,1,1,0,6.7,3216.0,1440.0,50.0,32.0,60999
Xiaomi,Dimensity,8.0,2.6,Android,12,1,256,1.0,4980,1,1,1,0,1,0,1,6.67,2400.0,1080.0,200.0,16.0,32999
Samsung,Snapdragon,8.0,2.2,Android,4,1,128,1.0,5000,1,1,1,0,1,1,0,6.6,2408.0,1080.0,50.0,8.0,15999
OPPO,Snapdragon,8.0,3.2,Android,8,1,256,1.0,5000,1,1,1,0,1,1,0,7.1,1920.0,1792.0,50.0,17.0,99990
OPPO,Helio,8.0,2.3,Android,3,1,64,1.0,5000,1,1,0,0,1,0,0,6.56,1612.0,720.0,8.0,5.0,9499
Vivo,Dimensity,8.0,2.5,Android,12,1,256,1.0,4200,1,1,1,0,1,0,0,6.44,2400.0,1080.0,64.0,50.0,27994
iQOO,Snapdragon,8.0,2.0,Android,4,1,64,1.0,5000,1,1,1,0,1,0,0,6.58,2408.0,1080.0,50.0,8.0,13989
OnePlus,Snapdragon,8.0,3.2,Android,8,1,128,1.0,4800,1,1,1,0,1,1,0,6.7,2412.0,1080.0,50.0,16.0,44999
Xiaomi,Dimensity,8.0,2.2,Android,6,1,128,1.0,5000,1,1,1,0,1,0,1,6.5,2400.0,1080.0,48.0,8.0,13999
Others,Tiger,4.0,2.0,Others,4,1,32,1.0,3500,1,1,0,0,1,0,0,6.26,1600.0,720.0,13.0,5.0,6190
Apple,Bionic,6.0,3.22,iOS,6,1,128,1.0,3095,1,1,1,0,1,1,0,6.1,2532.0,1170.0,12.0,12.0,119900
OPPO,Snapdragon,8.0,2.2,Android,8,1,128,1.0,4800,1,1,1,0,1,0,0,6.58,2400.0,1080.0,64.0,32.0,27660
Samsung,Exynos,8.0,2.4,Android,6,1,128,1.0,5000,1,1,1,0,1,1,0,6.5,2400.0,1080.0,48.0,13.0,24999
Xiaomi,Helio,8.0,2.0,Android,4,1,64,1.0,5000,1,1,0,0,1,0,0,6.53,1600.0,720.0,13.0,5.0,8388
Motorola,Helio,8.0,2.2,Android,6,1,128,1.0,5000,1,1,0,0,1,1,0,6.55,2400.0,1080.0,108.0,16.0,15999
Samsung,Exynos,8.0,2.4,Android,8,1,128,1.0,5000,1,1,1,0,1,0,0,6.6,2408.0,1080.0,50.0,13.0,20999
Realme,Dimensity,8.0,2.4,Android,4,1,64,1.0,5000,1,1,1,0,1,0,0,6.5,2400.0,1080.0,48.0,16.0,13999
Vivo,Snapdragon,8.0,2.2,Android,8,1,128,1.0,5000,1,1,1,0,1,0,0,6.58,2408.0,1080.0,50.0,16.0,19990
Samsung,Dimensity,8.0,2.2,Android,6,1,128,1.0,5000,1,1,1,0,1,0,0,6.5,1600.0,720.0,50.0,5.0,13999
Motorola,Snapdragon,8.0,2.5,Android,6,1,128,1.0,4020,1,1,1,0,1,1,0,6.5,2400.0,1080.0,50.0,32.0,22999
Samsung,Snapdragon,8.0,2.2,Android,6,1,128,1.0,5000,1,1,1,0,1,0,0,6.6,2408.0,1080.0,50.0,8.0,22999
OPPO,Dimensity,8.0,2.4,Android,8,1,128,1.0,5000,1,1,1,0,1,0,0,6.56,1612.0,720.0,48.0,8.0,16999
Xiaomi,Snapdragon,8.0,2.4,Android,6,1,128,1.0,5000,1,1,0,0,1,0,1,6.43,2400.0,1080.0,50.0,13.0,14290
Samsung,Snapdragon,8.0,2.4,Android,8,1,128,1.0,5000,1,1,1,0,1,1,0,6.7,2400.0,1080.0,108.0,32.0,41999
Vivo,Helio,8.0,2.3,Android,4,1,64,1.0,5000,1,1,0,0,1,0,0,6.51,1600.0,720.0,13.0,8.0,13489
OnePlus,Dimensity,8.0,2.85,Android,8,1,128,1.0,5000,1,1,1,0,1,1,0,6.59,2412.0,1080.0,64.0,16.0,22990
Motorola,Snapdragon,8.0,2.2,Android,8,1,128,1.0,5000,1,1,1,0,1,0,0,6.55,2400.0,1080.0,50.0,16.0,16499
Vivo,Snapdragon,8.0,3.2,Android,12,1,256,1.0,4700,1,1,1,0,1,1,1,6.78,3200.0,1440.0,50.3,32.0,73999
Realme,Unisoc,8.0,1.8,Android,4,1,64,1.0,5000,1,1,0,0,1,0,0,6.5,1600.0,720.0,50.0,5.0,9999
Realme,Snapdragon,8.0,2.4,Android,4,1,64,1.0,5000,1,1,0,0,1,0,0,6.6,2412.0,1080.0,50.0,16.0,12499
OPPO,Helio,8.0,2.3,Android,4,1,64,1.0,5000,1,1,0,0,1,0,0,6.56,1612.0,720.0,50.0,5.0,12499
iQOO,Snapdragon,8.0,3.2,Android,8,1,256,1.0,5000,1,1,1,0,1,1,0,6.78,3200.0,1440.0,50.0,16.0,59999
Vivo,Snapdragon,8.0,3.0,Android,12,1,256,1.0,4600,1,1,1,0,1,1,0,8.03,2160.0,1916.0,50.0,17.0,106990
Vivo,Snapdragon,8.0,2.2,Android,4,1,128,1.0,5000,1,1,1,0,1,0,0,6.58,2408.0,1080.0,50.0,16.0,15990
Apple,Bionic,6.0,2.4,iOS,6,1,128,1.0,3200,1,1,1,0,1,1,0,6.1,2556.0,1179.0,48.0,12.0,119990
Xiaomi,Snapdragon,8.0,2.4,Android,6,1,128,1.0,5200,1,1,1,0,1,0,1,6.67,2400.0,1080.0,108.0,32.0,19999
Motorola,Snapdragon,8.0,2.9,Android,8,1,128,1.0,4400,1,1,1,0,1,0,0,6.55,2460.0,1080.0,50.0,32.0,23990
Realme,Dimensity,8.0,2.4,Android,8,1,128,1.0,5000,1,1,1,0,1,0,0,6.6,2408.0,1080.0,50.0,8.0,12999
OPPO,Dimensity,8.0,2.4,Android,8,1,128,1.0,4310,1,1,1,0,1,0,0,6.43,2400.0,1080.0,48.0,16.0,19990
Xiaomi,Snapdragon,8.0,3.2,Android,8,1,128,1.0,4820,1,1,1,0,1,1,1,6.73,3200.0,1440.0,50.3,32.0,58990
Vivo,Dimensity,8.0,3.2,Android,12,1,256,1.0,5000,1,1,1,0,1,0,0,6.73,2400.0,1080.0,108.0,32.0,43999
Samsung,Snapdragon,8.0,3.0,Android,8,1,128,1.0,3700,1,1,1,0,1,1,0,6.1,2340.0,1080.0,50.0,10.0,49999
Vivo,Snapdragon,8.0,2.4,Android,6,1,128,1.0,5000,1,1,0,0,1,0,0,6.44,2408.0,1080.0,50.0,16.0,15999
OnePlus,Dimensity,8.0,2.85,Android,12,1,256,1.0,5000,1,1,1,0,1,1,0,6.7,2412.0,1080.0,50.0,16.0,36999
Tecno,Dimensity,8.0,3.05,Android,8,1,256,1.0,5160,1,1,1,0,1,1,0,6.8,2400.0,1080.0,64.0,32.0,39999
Apple,Bionic,6.0,3.1,iOS,4,1,64,1.0,4605,1,1,1,0,1,1,0,6.47,2107.0,1026.0,50.0,17.0,51999
Xiaomi,Dimensity,8.0,2.85,Android,6,1,128,1.0,5080,1,1,1,0,1,0,1,6.6,2460.0,1080.0,64.0,16.0,22999
Samsung,Exynos,8.0,2.4,Android,6,1,128,1.0,5000,1,1,1,0,1,1,0,6.5,2400.0,1080.0,64.0,32.0,31999
Xiaomi,Helio,4.0,2.0,Android,2,1,32,1.0,5000,1,1,0,0,1,0,0,6.52,1600.0,720.0,8.0,5.0,6171
OPPO,Dimensity,8.0,3.0,Android,8,1,128,1.0,4500,1,1,1,0,1,1,0,6.43,2400.0,1080.0,50.0,32.0,29340
Samsung,Dimensity,8.0,2.4,Android,8,1,128,1.0,5000,1,1,1,0,1,0,0,6.7,2400.0,1080.0,108.0,32.0,25289
iQOO,Snapdragon,8.0,2.4,Android,6,1,128,1.0,4700,1,1,1,0,1,0,0,6.44,2404.0,1080.0,64.0,16.0,21788
Others,Snapdragon,8.0,2.4,Android,16,1,512,1.0,5000,1,1,1,0,1,1,0,6.73,2448.0,1080.0,50.0,32.0,69999
Samsung,Snapdragon,8.0,3.2,Android,8,1,128,1.0,3900,1,1,1,1,1,1,0,6.1,2340.0,1080.0,50.0,12.0,70990
Motorola,Snapdragon,8.0,3.0,Android,8,1,128,1.0,4800,1,1,1,0,1,1,0,6.7,2400.0,1080.0,50.0,60.0,34999
OnePlus,Dimensity,8.0,3.0,Android,12,1,256,1.0,4500,1,1,1,0,1,1,0,6.43,2400.0,1080.0,50.0,32.0,33900
Others,Google,8.0,2.4,Android,6,1,128,1.0,4410,1,1,1,0,1,1,0,6.14,2400.0,1080.0,12.2,8.0,29999
Infinix,Dimensity,8.0,2.4,Android,8,1,128,1.0,5000,1,1,1,0,1,0,0,6.7,2400.0,1080.0,108.0,16.0,18999
Samsung,Exynos,8.0,2.4,Android,8,1,128,1.0,6000,1,1,1,0,1,1,0,6.6,2400.0,1080.0,50.0,8.0,19499
Vivo,Dimensity,8.0,2.5,Android,8,1,128,1.0,4200,1,1,1,0,1,0,0,6.44,2400.0,1080.0,64.0,50.0,24994
Motorola,Snapdragon,8.0,2.4,Android,4,1,64,1.0,5000,1,1,0,0,1,1,0,6.47,2400.0,1080.0,50.0,16.0,10999
OnePlus,Snapdragon,8.0,2.2,Android,8,1,256,1.0,5000,1,1,1,0,1,0,0,6.59,2412.0,1080.0,64.0,16.0,24999
Samsung,Exynos,8.0,2.4,Android,6,1,128,1.0,5000,1,1,1,0,1,1,0,6.4,2400.0,1080.0,48.0,13.0,25999
Others,Google,8.0,2.4,Android,6,1,128,1.0,4410,1,1,1,0,1,1,0,6.1,2400.0,1080.0,12.2,8.0,34990
Xiaomi,Dimensity,8.0,2.2,Android,4,1,64,1.0,5000,1,1,1,0,1,0,1,6.58,2408.0,1080.0,50.0,5.0,13466
Xiaomi,Snapdragon,8.0,2.3,Android,4,1,64,1.0,5020,1,1,0,0,1,0,1,6.67,2400.0,1080.0,48.0,16.0,9999
Motorola,Tiger,8.0,1.8,Android,4,1,64,1.0,5000,1,1,0,0,1,0,0,6.5,1600.0,720.0,48.0,8.0,7999
Others,Snapdragon,8.0,2.5,Android,8,1,256,1.0,4500,1,1,1,0,1,1,0,6.55,2400.0,1080.0,50.0,16.0,28249
POCO,Snapdragon,8.0,2.2,Android,6,1,128,1.0,5000,1,1,1,0,1,0,1,6.67,2400.0,1080.0,64.0,16.0,16499
Xiaomi,Snapdragon,8.0,2.2,Android,8,1,256,1.0,5000,1,1,1,0,1,0,1,6.67,2400.0,1080.0,108.0,16.0,22999
Apple,Bionic,6.0,2.65,iOS,4,1,128,1.0,3110,1,1,0,0,1,1,0,6.1,1792.0,828.0,12.0,12.0,46999
Realme,Tiger,8.0,1.8,Android,6,1,128,1.0,5000,1,1,0,0,1,0,0,6.6,2408.0,1080.0,50.0,8.0,13999
OPPO,Snapdragon,8.0,2.4,Android,6,1,128,1.0,5000,1,1,0,0,1,0,0,6.59,2412.0,1080.0,50.0,16.0,13490
iQOO,Snapdragon,8.0,3.2,Android,8,1,128,1.0,4700,1,1,1,0,1,0,1,6.62,2400.0,1080.0,64.0,16.0,28999
iQOO,Snapdragon,8.0,2.2,Android,4,1,128,1.0,5000,1,1,1,0,1,0,0,6.58,2408.0,1080.0,50.0,16.0,15499
OPPO,Dimensity,8.0,2.85,Android,16,1,256,1.0,4500,1,1,1,0,1,1,0,6.7,2412.0,1080.0,50.0,32.0,39999
POCO,Dimensity,8.0,2.4,Android,4,1,64,1.0,5000,1,1,1,0,1,0,1,6.6,2400.0,1080.0,50.0,16.0,12999
Others,Snapdragon,4.0,2.4,Android,2,1,64,1.0,2800,1,1,0,0,1,0,0,5.0,1280.0,720.0,5.0,2.0,4499
OnePlus,Snapdragon,8.0,1.8,Android,4,1,64,1.0,6000,1,1,0,0,1,0,0,6.52,1560.0,720.0,13.0,8.0,14999
Samsung,Helio,8.0,2.3,Android,4,1,64,1.0,5000,1,1,0,0,1,0,0,6.5,1600.0,720.0,13.0,5.0,8499
iQOO,Snapdragon,8.0,3.2,Android,8,1,128,1.0,4400,1,1,1,0,1,1,0,6.62,2400.0,1080.0,48.0,16.0,24990
Samsung,Exynos,8.0,2.4,Android,6,1,128,1.0,6000,1,1,1,0,1,1,0,6.5,2400.0,1080.0,64.0,32.0,16999
Xiaomi,Snapdragon,8.0,2.4,Android,4,1,64,1.0,6000,1,1,0,0,1,0,0,6.7,1600.0,720.0,50.0,5.0,9589
Apple,Bionic,6.0,3.1,iOS,4,1,64,1.0,4605,1,1,1,0,1,1,0,6.47,2107.0,1026.0,50.0,17.0,40999
Xiaomi,Snapdragon,8.0,2.0,Android,6,1,128,1.0,5000,1,1,1,0,1,0,1,6.67,2400.0,1080.0,48.0,13.0,19988
Motorola,Snapdragon,8.0,2.4,Android,4,1,64,1.0,5000,1,1,0,0,1,1,0,6.6,1080.0,2460.0,50.0,16.0,11999
Apple,Bionic,8.0,2.4,iOS,8,1,256,1.0,4352,1,1,1,0,1,1,0,6.68,2778.0,1284.0,50.0,12.0,142990
OPPO,Snapdragon,8.0,3.0,Android,8,1,128,1.0,5000,1,1,1,0,1,1,0,6.7,2412.0,1080.0,108.0,16.0,30990
Infinix,Dimensity,8.0,2.6,Android,8,1,256,1.0,5000,1,1,1,0,1,0,0,6.78,2460.0,1080.0,50.0,16.0,19499
Nokia,Snapdragon,4.0,1.3,Android,4,1,512,0.0,1450,1,0,0,0,1,0,0,2.7,320.0,240.0,50.0,17.0,4990
Realme,Tiger,8.0,1.82,Android,2,1,32,1.0,5000,1,1,0,0,1,0,0,6.5,1600.0,720.0,8.0,5.0,5299
OPPO,Snapdragon,8.0,2.2,Android,8,1,128,1.0,4500,1,1,1,0,1,0,0,6.43,2400.0,1080.0,64.0,16.0,25969
Realme,Snapdragon,8.0,3.0,Android,6,1,128,1.0,5000,1,1,1,0,1,0,0,6.4,2400.0,1080.0,64.0,32.0,28999
OPPO,Snapdragon,8.0,3.2,Android,12,1,256,1.0,4520,1,1,1,0,1,1,0,7.1,1920.0,1792.0,50.0,17.0,94990
Realme,Snapdragon,8.0,2.4,Android,6,1,128,1.0,5000,1,1,0,0,1,0,0,6.4,2400.0,1080.0,108.0,16.0,14999
Others,Helio,8.0,2.2,Android,4,1,64,1.0,5000,1,1,0,0,1,0,0,6.4,2400.0,1080.0,50.0,16.0,14999
Apple,Bionic,6.0,3.22,iOS,6,1,128,1.0,4352,1,1,1,0,1,1,0,6.7,2778.0,1284.0,12.0,12.0,129900
OPPO,Snapdragon,8.0,3.2,Android,12,1,256,1.0,4700,1,1,1,0,1,1,0,6.73,2412.0,1080.0,64.0,32.0,58990
Vivo,Dimensity,8.0,3.05,Android,8,1,128,1.0,4810,1,1,1,0,1,1,1,6.78,2800.0,1260.0,50.0,32.0,41990
Samsung,Exynos,8.0,2.0,Android,4,1,64,1.0,6000,1,1,0,0,1,1,0,6.6,1080.0,2408.0,50.0,8.0,10999
Xiaomi,Helio,8.0,2.05,Android,6,1,128,1.0,5000,1,1,0,0,1,0,1,6.43,2400.0,1080.0,64.0,13.0,11999
Realme,Helio,8.0,2.2,Android,8,1,128,1.0,5000,1,1,0,0,1,0,0,6.4,2400.0,1080.0,50.0,16.0,16999
iQOO,Snapdragon,8.0,2.84,Android,8,1,128,1.0,4500,1,1,1,0,1,1,0,6.62,2400.0,1080.0,48.0,16.0,30990
Infinix,Dimensity,8.0,2.4,Android,4,1,64,1.0,5000,1,1,1,0,1,0,0,6.6,2408.0,1080.0,50.0,8.0,17999
Others,Tiger,4.0,2.0,Android,4,1,32,1.0,4000,1,1,0,0,1,0,0,6.54,1560.0,720.0,8.0,5.0,5499
Xiaomi,Snapdragon,8.0,2.36,Android,6,1,128,1.0,5200,1,1,1,0,1,0,1,6.67,2460.0,1080.0,108.0,32.0,20499
Realme,Dimensity,8.0,2.5,Android,6,1,128,1.0,5000,1,1,1,0,1,0,0,6.4,2400.0,1080.0,48.0,16.0,20490
OPPO,Snapdragon,8.0,2.0,Android,6,1,128,1.0,5000,1,1,1,0,1,0,0,6.5,2400.0,1080.0,48.0,8.0,15490
Apple,Bionic,6.0,2.65,iOS,3,1,64,1.0,2050,0,1,0,0,1,1,0,4.7,1334.0,750.0,12.0,7.0,29990
iQOO,Snapdragon,8.0,2.0,Android,6,1,128,1.0,5000,1,1,1,0,1,0,0,6.58,2408.0,1080.0,50.0,8.0,15499
Xiaomi,Helio,8.0,2.05,Android,6,1,64,1.0,5000,1,1,0,0,1,0,1,6.43,2400.0,1080.0,64.0,13.0,11999
Realme,Helio,8.0,2.0,Android,4,1,64,1.0,5000,1,1,0,0,1,0,0,6.6,2412.0,1080.0,50.0,16.0,10999
Vivo,Dimensity,8.0,2.2,Android,8,1,128,1.0,5000,1,1,1,0,1,0,0,6.58,2408.0,1080.0,50.0,16.0,21990
Vivo,Dimensity,8.0,2.0,Android,12,1,256,1.0,4500,1,1,1,0,1,0,0,6.44,2408.0,1080.0,64.0,50.0,31999
POCO,Helio,8.0,2.05,Android,6,1,64,1.0,5000,1,1,0,0,1,0,1,6.43,2400.0,1080.0,64.0,16.0,11999
Infinix,Dimensity,8.0,2.5,Android,8,1,256,1.0,4500,1,1,1,0,1,0,0,6.8,2400.0,1080.0,200.0,32.0,36999
Tecno,Helio,4.0,2.0,Android,3,1,32,1.0,5000,1,1,0,0,1,0,0,6.56,1600.0,720.0,13.0,5.0,6999
Motorola,Snapdragon,8.0,3.2,Android,8,1,128,1.0,4600,1,1,1,0,1,1,0,6.7,2400.0,1080.0,50.0,60.0,39999
Samsung,Snapdragon,8.0,2.2,Android,4,1,128,1.0,5000,1,1,1,0,1,1,0,6.6,2408.0,1080.0,50.0,8.0,14999
Realme,Dimensity,8.0,2.2,Android,8,1,128,1.0,5000,1,1,1,0,1,0,0,6.6,2408.0,1080.0,50.0,8.0,14499
OnePlus,Dimensity,8.0,3.1,Android,8,1,128,1.0,4200,1,1,1,0,1,1,0,6.43,2400.0,1080.0,50.0,32.0,27999
Motorola,Snapdragon,8.0,2.2,Android,8,1,128,1.0,5000,1,1,1,0,1,1,0,6.6,2400.0,1080.0,50.0,16.0,20499
Others,Snapdragon,4.0,2.4,Android,4,1,64,1.0,5000,1,1,0,0,1,0,0,6.5,1600.0,720.0,13.0,8.0,8099
Others,Tiger,4.0,1.8,Android,8,1,128,1.0,5000,1,1,0,0,1,0,0,6.5,1600.0,720.0,13.0,5.0,10999
Realme,Helio,8.0,2.0,Android,3,1,32,1.0,4000,1,1,0,0,1,0,0,6.1,1560.0,720.0,13.0,5.0,3499
Others,Helio,8.0,2.0,Android,4,1,64,1.0,2150,1,1,0,0,1,0,0,3.54,960.0,640.0,8.0,2.0,9990
Samsung,Snapdragon,8.0,2.84,Android,6,1,128,1.0,6000,1,1,1,0,1,0,0,6.67,2412.0,1080.0,64.0,32.0,34999
Nokia,Snapdragon,8.0,3.0,Android,12,1,256,1.0,6000,1,1,1,0,1,0,0,6.9,3200.0,1400.0,200.0,32.0,46999
Motorola,Snapdragon,8.0,2.9,Android,8,1,128,1.0,4400,1,1,1,0,1,1,0,6.55,2400.0,1080.0,50.0,32.0,39999
Realme,Tiger,8.0,1.8,Android,4,1,64,1.0,5000,1,1,0,0,1,0,0,6.6,2408.0,1080.0,50.0,8.0,11828
OPPO,Dimensity,8.0,2.85,Android,12,1,256,1.0,4500,1,1,1,0,1,1,0,6.7,2412.0,1080.0,50.0,32.0,45999
OnePlus,Snapdragon,8.0,2.2,Android,6,1,128,1.0,5000,1,1,1,0,1,0,0,6.59,2412.0,1080.0,50.0,16.0,18999
POCO,Snapdragon,8.0,2.2,Android,8,1,128,1.0,5000,1,1,1,0,1,0,1,6.67,2400.0,1080.0,64.0,16.0,17999
Samsung,Helio,8.0,2.3,Android,4,1,64,1.0,5000,1,1,0,0,1,0,0,6.5,1600.0,720.0,13.0,5.0,8499
OPPO,Snapdragon,8.0,2.4,Android,8,1,128,1.0,5000,1,1,0,0,1,0,0,6.56,1600.0,720.0,50.0,8.0,17999
Samsung,Exynos,8.0,2.4,Android,4,1,64,1.0,5000,1,1,0,0,1,0,0,6.6,2408.0,1080.0,50.0,8.0,14450
Motorola,Snapdragon,8.0,3.2,Android,8,1,128,1.0,4610,1,1,1,0,1,1,0,6.67,2400.0,1080.0,200.0,60.0,54999
Xiaomi,Snapdragon,8.0,3.2,Android,12,1,256,1.0,5000,1,1,1,0,1,1,1,6.6,3200.0,1440.0,108.0,32.0,71999
Motorola,Snapdragon,8.0,2.4,Android,6,1,128,1.0,5000,1,1,0,0,1,1,0,6.6,1080.0,2460.0,50.0,16.0,12999
POCO,Dimensity,8.0,2.2,Android,4,1,64,1.0,5000,1,1,1,0,1,0,1,6.58,2400.0,1080.0,50.0,8.0,11499
Others,Snapdragon,8.0,2.5,Android,12,1,256,1.0,4500,1,1,1,0,1,1,0,6.55,2400.0,1080.0,50.0,16.0,35999
Samsung,Exynos,8.0,2.4,Android,6,1,128,1.0,5000,1,1,1,0,1,1,0,6.4,2400.0,1080.0,50.0,32.0,34999
Tecno,Helio,8.0,2.2,Android,8,1,128,1.0,6000,1,1,0,0,1,0,0,6.82,1600.0,720.0,50.0,8.0,11999
Xiaomi,Dimensity,8.0,2.6,Android,8,1,256,1.0,5000,1,1,1,0,1,0,1,6.67,2400.0,1080.0,50.0,16.0,27994
Apple,Bionic,6.0,2.4,iOS,6,1,256,1.0,4323,1,1,1,0,1,1,0,6.7,2796.0,1290.0,48.0,12.0,139990
Vivo,Dimensity,8.0,3.0,Android,12,1,256,1.0,4830,1,1,1,0,1,0,0,6.56,2376.0,1080.0,64.0,32.0,39999
Realme,Dimensity,8.0,2.4,Android,6,1,128,1.0,5000,1,1,1,0,1,0,0,6.5,2400.0,1080.0,48.0,16.0,15499
Realme,Snapdragon,8.0,2.2,Android,6,1,128,1.0,5000,1,1,1,0,1,0,0,6.6,2412.0,1080.0,64.0,16.0,18999
Others,Dimensity,8.0,2.2,Android,4,1,128,1.0,5000,1,1,1,0,1,0,0,6.5,720.0,1600.0,50.0,8.0,10999
Others,Snapdragon,8.0,2.2,Android,8,1,256,1.0,5100,1,1,1,0,1,1,1,6.67,2400.0,1080.0,64.0,16.0,27999
Others,Google,8.0,2.85,Android,12,1,128,1.0,5000,1,1,1,0,1,1,0,6.7,3120.0,1440.0,50.0,10.8,81999
Tecno,Helio,8.0,2.0,Android,4,1,64,1.0,7000,1,1,0,0,1,0,0,6.95,2460.0,1080.0,50.0,8.0,9999
Vivo,Dimensity,8.0,3.0,Android,8,1,128,1.0,4300,1,1,1,0,1,0,0,6.56,2376.0,1080.0,108.0,50.0,31994
Samsung,Helio,8.0,2.3,Android,3,1,32,1.0,5000,1,1,0,0,1,0,0,6.5,1600.0,720.0,13.0,5.0,9299
Xiaomi,Snapdragon,8.0,3.2,Android,8,1,128,1.0,5500,1,1,1,0,1,1,1,6.67,3200.0,1440.0,64.0,16.0,29990
Realme,Dimensity,8.0,2.5,Android,6,1,128,1.0,4500,1,1,1,0,1,0,0,6.4,2400.0,1080.0,50.0,16.0,25900
Realme,Dimensity,8.0,2.4,Android,6,1,128,1.0,5000,1,1,1,0,1,0,0,6.6,2408.0,1080.0,50.0,8.0,16999
Motorola,Snapdragon,8.0,2.5,Android,8,1,128,1.0,4020,1,1,1,0,1,1,0,6.5,2400.0,1080.0,50.0,32.0,24999
Xiaomi,Snapdragon,8.0,2.4,Android,6,1,64,1.0,5000,1,1,0,0,1,0,1,6.43,2400.0,1080.0,50.0,13.0,12188
Vivo,Helio,8.0,2.4,Android,3,1,32,1.0,5000,1,1,0,0,1,0,0,6.51,1600.0,720.0,8.0,5.0,8999
POCO,Helio,8.0,2.3,Android,4,1,64,1.0,5000,1,1,0,0,1,0,0,6.53,1600.0,720.0,13.0,5.0,7499
Realme,Dimensity,8.0,2.4,Android,6,1,128,1.0,5000,1,1,1,0,1,0,0,6.6,2400.0,1080.0,48.0,16.0,17999
Realme,Snapdragon,8.0,3.2,Android,6,1,128,1.0,5000,1,1,1,0,1,0,0,6.62,2400.0,1080.0,64.0,16.0,24999
OnePlus,Snapdragon,8.0,3.0,Android,12,1,256,1.0,5000,1,1,1,0,1,1,0,6.7,3216.0,1440.0,50.0,32.0,65499
iQOO,Snapdragon,8.0,3.2,Android,8,1,256,1.0,4700,1,1,1,0,1,1,1,6.78,3200.0,1440.0,50.0,16.0,58990
Vivo,Snapdragon,8.0,2.4,Android,4,1,64,1.0,5000,1,1,0,0,1,0,0,6.58,2408.0,1080.0,50.0,8.0,11999
Xiaomi,Snapdragon,8.0,2.4,Android,8,1,128,1.0,6000,1,1,0,0,1,0,1,6.7,1650.0,720.0,50.0,5.0,11999
OPPO,Dimensity,8.0,2.2,Android,6,1,128,1.0,5000,1,1,1,0,1,0,0,6.56,1612.0,720.0,50.0,8.0,18990
Vivo,Snapdragon,8.0,2.4,Android,4,1,128,1.0,5000,1,1,0,0,1,0,0,6.44,2408.0,1080.0,50.0,16.0,14499
Xiaomi,Snapdragon,8.0,3.2,Android,12,1,256,1.0,4500,1,1,1,0,1,1,1,8.02,2160.0,1914.0,50.0,17.0,106990
Vivo,Helio,8.0,2.3,Android,3,1,64,1.0,5000,1,1,0,0,1,0,0,6.51,1600.0,720.0,13.0,5.0,10499
OPPO,Snapdragon,8.0,2.2,Android,8,1,256,1.0,4500,1,1,1,0,1,1,0,6.43,2400.0,1080.0,64.0,16.0,26990
Vivo,Helio,8.0,2.05,Android,8,1,128,1.0,4050,1,1,0,0,1,0,0,6.44,2400.0,1080.0,50.0,44.0,19990
Xiaomi,Dimensity,8.0,2.6,Android,8,1,256,1.0,4300,1,1,1,0,1,1,1,6.67,2400.0,1080.0,200.0,16.0,24999
OPPO,Helio,8.0,2.3,Android,4,1,64,1.0,5000,1,1,0,0,1,0,0,6.56,1612.0,720.0,13.0,8.0,13969
Samsung,Snapdragon,8.0,2.4,Android,8,1,128,1.0,5000,1,1,1,0,1,1,0,6.7,2412.0,1080.0,108.0,32.0,44999
Vivo,Snapdragon,8.0,2.4,Android,8,1,128,1.0,4700,1,1,1,0,1,0,0,6.44,2404.0,1080.0,64.0,16.0,24999
Others,Google,8.0,2.85,Android,8,1,128,1.0,4355,1,1,1,0,1,1,0,6.3,2400.0,1080.0,50.0,10.8,53100
Xiaomi,Dimensity,8.0,2.4,Android,6,1,128,1.0,5000,1,1,1,0,1,0,1,6.6,2400.0,1080.0,50.0,16.0,16999
OPPO,Snapdragon,8.0,2.4,Android,8,1,128,1.0,4500,1,1,0,0,1,0,0,6.43,2400.0,1080.0,64.0,32.0,21899
Apple,Bionic,6.0,3.22,iOS,6,1,256,1.0,3279,1,1,1,0,1,1,0,6.1,2532.0,1170.0,12.0,12.0,75999
Motorola,Dimensity,8.0,2.2,Android,8,1,256,1.0,5000,1,1,1,0,1,1,0,6.5,2400.0,1080.0,50.0,16.0,25999
Others,Snapdragon,8.0,3.2,Android,8,1,128,1.0,6000,1,1,1,0,1,1,0,6.8,2480.0,1116.0,50.0,16.0,46990
Motorola,Helio,8.0,2.0,Android,4,1,64,1.0,5000,1,1,0,0,1,0,0,6.47,2400.0,1080.0,50.0,13.0,9999
Tecno,Dimensity,8.0,3.05,Android,12,1,256,1.0,5160,1,1,1,0,1,1,0,6.8,2400.0,1080.0,50.0,32.0,49999
Infinix,Helio,8.0,2.2,Android,8,1,128,1.0,4500,1,1,0,0,1,1,0,6.7,2400.0,1080.0,108.0,60.0,17999
iQOO,Snapdragon,8.0,2.2,Android,6,1,128,1.0,5000,1,1,1,0,1,0,0,6.58,2408.0,1080.0,50.0,16.0,16940
Xiaomi,Snapdragon,8.0,2.2,Android,6,1,64,1.0,5000,1,1,1,0,1,0,1,6.67,2400.0,1080.0,108.0,16.0,17990
OPPO,Snapdragon,8.0,2.2,Android,8,1,128,1.0,4800,1,1,1,0,1,1,0,6.7,2412.0,1080.0,108.0,16.0,20990
Samsung,Exynos,8.0,2.4,Android,8,1,128,1.0,4200,1,1,1,0,1,1,0,6.4,2400.0,1080.0,12.0,32.0,51999
Samsung,Snapdragon,8.0,3.0,Android,8,1,128,1.0,4500,1,1,1,0,1,1,0,6.6,2340.0,1080.0,50.0,10.0,64449
Vivo,Snapdragon,8.0,2.0,Android,6,1,64,1.0,5000,1,1,1,0,1,0,0,6.58,2408.0,1080.0,13.0,8.0,8990
Motorola,Helio,8.0,2.0,Android,4,1,128,1.0,5000,1,1,0,0,1,1,0,6.5,1600.0,720.0,50.0,16.0,19999
POCO,Dimensity,8.0,2.2,Android,6,1,128,1.0,5000,1,1,1,0,1,0,1,6.58,2400.0,1080.0,50.0,8.0,13499
Tecno,Dimensity,8.0,2.4,Android,8,1,128,1.0,6000,1,1,1,0,1,0,0,6.9,2460.0,1080.0,50.0,16.0,15499
POCO,Helio,8.0,2.3,Android,3,1,32,1.0,5000,1,1,0,0,1,0,0,6.53,1600.0,720.0,13.0,5.0,6499
Apple,Bionic,8.0,2.4,iOS,4,1,64,1.0,3060,1,1,0,0,1,1,0,6.1,1792.0,828.0,12.0,7.0,71999
Samsung,Exynos,8.0,2.4,Android,8,1,256,1.0,5000,1,1,1,0,1,1,0,6.5,2400.0,1080.0,64.0,32.0,36499
Infinix,Dimensity,8.0,2.4,Android,6,1,64,1.0,5000,1,1,1,0,1,0,0,6.7,2400.0,1080.0,50.0,16.0,15999
OPPO,Dimensity,8.0,3.0,Android,12,1,256,1.0,4500,1,1,1,0,1,1,0,6.55,2400.0,1080.0,50.0,32.0,31994
OnePlus,Snapdragon,8.0,3.2,Android,8,1,128,1.0,5000,1,1,1,0,1,1,0,6.7,2412.0,1080.0,50.0,16.0,34999
Xiaomi,Snapdragon,8.0,2.3,Android,6,1,128,1.0,5000,1,1,0,0,1,0,1,6.67,2400.0,1080.0,108.0,16.0,18999
Others,Snapdragon,8.0,3.2,Android,8,1,128,1.0,4700,1,1,1,0,1,1,0,6.67,2400.0,1080.0,50.0,32.0,39990
Samsung,Helio,8.0,2.0,Android,8,1,128,1.0,5000,1,1,0,0,1,0,0,6.4,2400.0,1080.0,64.0,20.0,16499
Nokia,Snapdragon,2.0,1.1,Android,512,0,4,1.0,1500,1,1,0,0,1,0,0,2.8,320.0,240.0,50.0,17.0,6199
Others,Google,8.0,2.8,Android,12,1,128,1.0,5003,1,1,1,0,1,1,0,6.71,3120.0,1440.0,50.0,11.1,54300
Infinix,Helio,8.0,2.0,Android,4,1,64,1.0,5000,1,1,0,0,1,0,0,6.7,2400.0,1080.0,50.0,8.0,9999
Xiaomi,Dimensity,8.0,2.2,Android,6,1,128,1.0,5000,1,1,1,0,1,0,1,6.58,2408.0,1080.0,50.0,5.0,15990
Xiaomi,Snapdragon,8.0,2.2,Android,8,1,128,1.0,5000,1,1,1,0,1,0,1,6.67,2400.0,1080.0,108.0,16.0,22700
Xiaomi,Snapdragon,8.0,3.0,Android,8,1,256,1.0,4600,1,1,1,0,1,1,1,6.73,3200.0,1440.0,50.0,32.0,50990
Apple,Bionic,6.0,3.22,iOS,4,1,128,1.0,2438,1,1,1,0,1,1,0,5.4,2340.0,1080.0,12.0,12.0,64900
Tecno,Helio,8.0,2.0,Android,6,1,128,1.0,7000,1,1,0,0,1,0,0,6.9,2460.0,1080.0,50.0,8.0,13799
Realme,Tiger,8.0,1.82,Android,4,1,64,1.0,5000,1,1,0,0,1,0,0,6.52,1600.0,720.0,13.0,5.0,8999
Others,Snapdragon,8.0,3.2,Android,18,1,512,1.0,6000,1,1,1,0,1,1,0,6.78,2448.0,1080.0,50.0,12.0,89999
Vivo,Dimensity,8.0,2.4,Android,8,1,128,1.0,4050,1,1,1,0,1,0,0,6.44,2400.0,1080.0,50.0,44.0,21994
Apple,Bionic,8.0,2.4,iOS,6,1,128,1.0,3500,1,1,0,0,1,1,0,5.42,2340.0,1080.0,12.0,12.0,69990
Xiaomi,Dimensity,8.0,2.2,Android,4,1,64,1.0,5000,1,1,1,0,1,0,1,6.5,2400.0,1080.0,48.0,8.0,12999
iQOO,Dimensity,8.0,3.1,Android,8,1,128,1.0,5000,1,1,1,0,1,1,0,6.78,2400.0,1080.0,64.0,16.0,24990
Samsung,Snapdragon,8.0,2.4,Android,8,1,128,1.0,5000,1,1,0,0,1,0,0,6.6,2408.0,1080.0,50.0,8.0,19990
Xiaomi,Dimensity,8.0,2.6,Android,8,1,128,1.0,5000,1,1,1,0,1,0,1,6.67,2400.0,1080.0,50.0,16.0,26999
Xiaomi,Snapdragon,8.0,2.4,Android,8,1,128,1.0,5000,1,1,1,0,1,1,1,6.67,2400.0,1080.0,50.0,16.0,19999
Infinix,Helio,8.0,2.2,Android,8,1,256,1.0,5000,1,1,0,0,1,0,0,6.7,2400.0,1080.0,108.0,16.0,16900
Infinix,Dimensity,8.0,2.4,Android,6,1,128,1.0,5000,1,1,1,0,1,0,0,6.6,2408.0,1080.0,50.0,8.0,19999
Apple,Bionic,6.0,2.4,iOS,6,1,1,,4323,1,1,1,0,1,1,0,6.7,2796.0,1290.0,48.0,12.0,182999
Samsung,Exynos,8.0,2.0,Android,6,1,128,1.0,6000,1,1,0,0,1,0,0,6.6,2400.0,1080.0,50.0,8.0,12999
POCO,Dimensity,8.0,2.4,Android,8,1,128,1.0,5000,1,1,1,0,1,0,1,6.6,2400.0,1080.0,50.0,16.0,15999
Xiaomi,Helio,8.0,2.05,Android,8,1,128,1.0,5000,1,1,0,0,1,0,1,6.43,2400.0,1080.0,64.0,13.0,13999
Realme,Unisoc,8.0,1.6,Android,4,1,64,1.0,5000,1,1,0,0,1,0,0,6.52,1600.0,720.0,8.0,5.0,7749
Samsung,Snapdragon,8.0,2.2,Android,8,1,128,1.0,5000,1,1,1,0,1,0,0,6.6,2408.0,1080.0,50.0,8.0,24999
Motorola,Snapdragon,8.0,3.2,Android,12,1,256,1.0,4610,1,1,1,0,1,1,0,6.67,2400.0,1080.0,200.0,60.0,59999
OPPO,Snapdragon,8.0,2.2,Android,8,1,128,1.0,4500,1,1,1,0,1,0,0,6.43,2400.0,1080.0,64.0,16.0,25895
Xiaomi,Snapdragon,8.0,3.2,Android,8,1,128,1.0,4500,1,1,1,0,1,1,1,6.36,2400.0,1080.0,50.0,32.0,46990
Xiaomi,Helio,8.0,2.0,Android,3,1,32,1.0,5000,1,1,0,0,1,0,0,6.53,1600.0,720.0,13.0,5.0,7499
Vivo,Helio,8.0,2.3,Android,2,1,32,1.0,5000,1,1,0,0,1,0,0,6.51,1600.0,720.0,8.0,5.0,7790
Xiaomi,Dimensity,8.0,2.85,Android,8,1,256,1.0,5080,1,1,1,0,1,0,1,6.6,2460.0,1080.0,64.0,16.0,25999
Realme,Tiger,8.0,1.82,Android,3,1,32,1.0,5000,1,1,0,0,1,0,0,6.5,1600.0,720.0,8.0,5.0,6299
Motorola,Snapdragon,8.0,2.2,Android,4,1,64,1.0,5000,1,1,1,0,1,1,0,6.8,2400.0,1080.0,50.0,13.0,12999
Xiaomi,Snapdragon,8.0,2.4,Android,6,1,128,1.0,6000,1,1,0,0,1,0,0,6.7,1600.0,720.0,50.0,5.0,11999
Xiaomi,Snapdragon,8.0,2.4,Android,6,1,128,1.0,4250,1,1,1,0,1,1,1,6.55,2400.0,1080.0,64.0,20.0,21890
Samsung,Snapdragon,8.0,2.84,Android,8,1,128,1.0,3300,0,1,1,0,1,1,0,6.7,2640.0,1080.0,50.0,17.0,69999
Apple,Bionic,6.0,3.1,iOS,4,1,128,1.0,4605,1,1,1,0,1,1,0,6.47,2107.0,1026.0,50.0,17.0,55999
OnePlus,Snapdragon,8.0,3.2,Android,16,1,256,1.0,4800,1,1,1,0,1,1,0,6.7,2412.0,1080.0,50.0,16.0,55999
Samsung,Exynos,8.0,2.4,Android,4,1,128,1.0,5000,1,1,0,0,1,0,0,6.6,2408.0,1080.0,50.0,8.0,14999
OPPO,Dimensity,8.0,2.0,Android,8,1,256,1.0,4500,1,1,1,0,1,1,0,6.43,2400.0,1080.0,64.0,32.0,25994
OnePlus,Snapdragon,8.0,2.84,Android,8,1,128,1.0,4500,1,1,1,0,1,1,0,6.62,2400.0,1080.0,50.0,16.0,42999
Samsung,Exynos,8.0,2.4,Android,8,1,128,1.0,5000,1,1,1,0,1,1,0,6.5,2400.0,1080.0,64.0,32.0,33499
Samsung,Snapdragon,8.0,3.0,Android,12,1,512,1.0,5000,1,1,1,0,1,1,0,6.8,3080.0,1440.0,108.0,40.0,118999
Motorola,Snapdragon,8.0,2.2,Android,6,1,128,1.0,5000,1,1,1,0,1,1,0,6.4,2400.0,1080.0,50.0,16.0,16999
Others,Snapdragon,4.0,2.4,Android,2,1,32,1.0,4000,1,1,0,0,1,0,0,6.6,720.0,1600.0,8.0,8.0,6990
Vivo,Dimensity,8.0,2.4,Android,8,1,128,1.0,5000,1,1,1,0,1,0,0,6.0,2400.0,1080.0,50.0,50.0,29990
Samsung,Dimensity,8.0,2.2,Android,4,1,64,1.0,5000,1,1,1,0,1,0,0,6.5,1600.0,720.0,50.0,5.0,12944
POCO,Dimensity,8.0,3.2,Android,8,1,128,1.0,5000,1,1,1,0,1,1,1,6.7,2400.0,1080.0,64.0,32.0,29990
Others,Snapdragon,8.0,2.2,Android,8,1,128,1.0,4800,1,1,1,0,1,1,0,6.81,2388.0,1080.0,48.0,16.0,16999
iQOO,Snapdragon,8.0,3.2,Android,16,1,256,1.0,5000,1,1,1,0,1,1,0,6.78,3200.0,1440.0,50.0,16.0,64999
Samsung,Snapdragon,8.0,3.2,Android,12,1,256,1.0,4400,1,1,1,0,1,1,0,7.6,2176.0,1812.0,50.0,17.0,154998
Others,Snapdragon,8.0,2.84,Android,8,1,128,1.0,4450,1,1,1,0,1,0,0,7.8,1920.0,1440.0,50.0,17.0,109999
Apple,Bionic,6.0,3.22,iOS,6,1,256,1.0,4325,1,1,1,0,1,1,0,6.7,2778.0,1284.0,12.0,12.0,84999
Samsung,Exynos,8.0,2.4,Android,8,1,128,1.0,5000,1,1,1,0,1,1,0,6.4,2400.0,1080.0,48.0,13.0,27499
Tecno,Helio,8.0,2.3,Android,6,1,128,1.0,5000,1,1,0,0,1,0,0,6.6,1600.0,720.0,13.0,8.0,8999
Others,Google,8.0,2.8,Android,8,1,128,1.0,4614,1,1,1,0,1,1,0,6.4,2400.0,1080.0,50.0,8.0,40480
Xiaomi,Snapdragon,8.0,2.3,Android,6,1,128,1.0,5020,1,1,0,0,1,0,1,6.67,2400.0,1080.0,64.0,16.0,17999
Samsung,Exynos,8.0,2.9,Android,12,1,256,1.0,5000,1,1,1,0,1,1,0,6.8,3200.0,1440.0,108.0,40.0,105999
Infinix,Helio,8.0,2.3,Android,4,1,64,1.0,6000,1,1,0,0,1,0,0,6.82,1640.0,720.0,13.0,8.0,8999
Vivo,Snapdragon,8.0,2.4,Android,6,1,128,1.0,5000,1,1,0,0,1,0,0,6.58,2408.0,1080.0,50.0,8.0,14999
OPPO,Snapdragon,8.0,2.2,Android,8,1,128,1.0,4500,1,1,1,0,1,0,0,6.5,2400.0,1080.0,64.0,32.0,19990
iQOO,Snapdragon,8.0,2.4,Android,8,1,128,1.0,4700,1,1,1,0,1,0,0,6.44,2404.0,1080.0,64.0,16.0,23399
Samsung,Snapdragon,8.0,2.4,Android,8,1,256,1.0,5000,1,1,1,0,1,1,0,6.7,2400.0,1080.0,108.0,32.0,41990
Realme,Snapdragon,8.0,2.4,Android,8,1,128,1.0,5000,1,1,1,0,1,0,0,6.6,2412.0,1080.0,48.0,16.0,22998
POCO,Snapdragon,8.0,3.2,Android,6,1,128,1.0,4500,1,1,1,0,1,1,0,6.67,2400.0,1080.0,64.0,20.0,25999
Infinix,Helio,8.0,2.0,Android,4,1,64,1.0,5000,1,1,0,0,1,0,0,6.7,1080.0,2400.0,50.0,16.0,11700
Samsung,Unisoc,4.0,1.6,Android,2,1,32,1.0,5000,1,1,0,0,1,0,0,6.5,1600.0,720.0,8.0,5.0,6499
Motorola,Snapdragon,8.0,2.3,Android,6,1,128,1.0,6000,1,1,0,0,1,1,0,6.78,2460.0,1080.0,108.0,32.0,15999
OnePlus,Snapdragon,8.0,2.84,Android,8,1,128,1.0,4500,1,1,1,0,1,1,0,6.7,3216.0,1440.0,48.0,16.0,64800
Xiaomi,Helio,8.0,2.05,Android,6,1,64,1.0,5000,1,1,0,0,1,0,1,6.43,2400.0,1080.0,108.0,16.0,14590
Xiaomi,Helio,8.0,2.3,Android,4,1,64,1.0,5000,1,1,0,0,1,0,0,6.53,1600.0,720.0,13.0,5.0,7499
Tecno,Dimensity,8.0,2.4,Android,8,1,128,1.0,5000,1,1,1,0,1,1,0,6.8,2460.0,1080.0,64.0,16.0,21999
Samsung,Helio,8.0,2.3,Android,4,1,64,1.0,5000,1,1,0,0,1,0,0,6.5,1600.0,720.0,50.0,5.0,11999
POCO,Helio,8.0,2.05,Android,6,1,128,1.0,5000,1,1,0,0,1,0,1,6.43,2400.0,1080.0,64.0,16.0,12999
OnePlus,Snapdragon,8.0,2.2,Android,6,1,128,1.0,4500,1,1,1,0,1,1,0,6.43,2400.0,1080.0,64.0,16.0,20990
Apple,Bionic,6.0,3.22,iOS,4,1,256,1.0,3240,1,1,1,0,1,1,0,6.1,2532.0,1170.0,12.0,12.0,72999
OPPO,Snapdragon,8.0,3.2,Android,12,1,256,1.0,4700,1,1,1,0,1,1,0,6.78,2400.0,1080.0,50.0,32.0,77990
Vivo,Dimensity,8.0,3.05,Android,8,1,256,1.0,4870,1,1,1,0,1,1,1,6.78,2800.0,1260.0,50.3,32.0,56999
Motorola,Snapdragon,8.0,2.2,Android,4,1,128,1.0,5000,1,1,1,0,1,1,0,6.5,1600.0,720.0,50.0,16.0,21999
Motorola,Helio,8.0,2.3,Android,4,1,64,1.0,5000,1,1,0,0,1,0,0,6.53,1600.0,720.0,50.0,16.0,9499
Xiaomi,Helio,8.0,2.0,Android,4,1,64,1.0,5000,1,1,0,0,1,0,0,6.53,1600.0,720.0,13.0,5.0,7499
Others,Snapdragon,4.0,1.3,Android,2,1,32,1.0,3500,1,1,0,0,1,0,0,5.45,1440.0,720.0,13.0,8.0,4649
Vivo,Helio,8.0,2.0,Android,4,1,32,1.0,4030,1,1,0,0,1,0,0,6.2,720.0,1520.0,13.0,8.0,18000
Xiaomi,Snapdragon,8.0,3.2,Android,8,1,128,1.0,5000,1,1,1,0,1,1,1,6.67,3200.0,1440.0,54.0,16.0,38999
Realme,Unisoc,8.0,1.6,Android,2,1,32,1.0,5000,1,1,0,0,1,0,0,6.5,1600.0,720.0,8.0,5.0,7145
Vivo,Snapdragon,8.0,2.4,Android,8,1,128,1.0,5000,1,1,0,0,1,0,0,6.55,720.0,1612.0,50.0,8.0,14990
OPPO,Helio,8.0,2.3,Android,4,1,64,1.0,5000,1,1,0,0,1,0,0,6.56,1600.0,720.0,50.0,8.0,15499
Xiaomi,Helio,8.0,2.0,Android,6,1,128,1.0,5000,1,1,0,0,1,0,1,6.53,1600.0,720.0,13.0,5.0,9999
POCO,Snapdragon,8.0,3.2,Android,12,1,256,1.0,4500,1,1,1,0,1,1,0,6.67,2400.0,1080.0,64.0,20.0,29999
Realme,Snapdragon,8.0,2.4,Android,8,1,128,1.0,5000,1,1,0,0,1,0,0,6.4,2400.0,1080.0,108.0,16.0,15999
Xiaomi,Snapdragon,8.0,3.2,Android,8,1,128,1.0,5000,1,1,1,0,1,1,1,6.67,2712.0,1220.0,200.0,20.0,59990
iQOO,Snapdragon,8.0,2.9,Android,8,1,128,1.0,4350,1,1,1,0,1,0,0,6.56,2376.0,1080.0,48.0,16.0,34990
Apple,Bionic,6.0,3.1,iOS,4,1,128,1.0,4605,1,1,1,0,1,1,0,6.47,2107.0,1026.0,50.0,17.0,45999
Samsung,Snapdragon,8.0,2.4,Android,12,1,256,1.0,5100,1,1,1,1,1,0,0,6.83,2860.0,1200.0,200.0,60.0,119990
OPPO,Dimensity,8.0,3.05,Android,8,1,128,1.0,4300,0,1,1,0,1,1,0,6.8,2400.0,1200.0,50.0,17.0,89990
OnePlus,Snapdragon,8.0,3.2,Android,12,1,256,1.0,4800,1,1,1,0,1,1,0,6.7,2412.0,1080.0,50.0,16.0,50999
Tecno,Helio,8.0,2.3,Android,4,1,64,1.0,5000,1,1,0,0,1,0,0,6.6,1600.0,720.0,13.0,8.0,7999
Samsung,Exynos,8.0,2.9,Android,8,1,256,1.0,4500,1,1,1,0,1,1,0,6.4,2340.0,1080.0,12.0,32.0,43999
Xiaomi,Dimensity,8.0,2.4,Android,8,1,128,1.0,5000,1,1,1,0,1,0,1,6.6,2400.0,1080.0,50.0,16.0,18499
Others,Snapdragon,8.0,2.84,Android,12,1,512,1.0,4500,1,1,1,0,1,1,0,6.5,3840.0,1644.0,12.0,8.0,134999
Vivo,Snapdragon,8.0,2.4,Android,8,1,128,1.0,4300,1,1,1,0,1,0,0,6.44,2400.0,1080.0,64.0,44.0,32999
POCO,Snapdragon,8.0,2.3,Android,6,1,64,1.0,6000,1,1,0,0,1,0,1,6.67,2400.0,1080.0,64.0,20.0,13499
Samsung,Exynos,8.0,2.73,Android,8,1,128,1.0,4500,1,1,0,0,1,1,0,6.5,2400.0,1080.0,12.0,32.0,35489
Others,Snapdragon,8.0,2.8,Android,6,1,64,1.0,2800,1,1,0,0,1,1,0,5.7,2280.0,1080.0,16.0,8.0,20120
Samsung,Exynos,8.0,2.7,Android,8,1,128,1.0,4100,1,1,0,0,1,1,0,6.4,3040.0,1440.0,16.0,10.0,42999
Nokia,Snapdragon,8.0,2.4,Android,512,0,128,0.0,4605,1,0,0,0,0,0,0,6.47,2107.0,1026.0,50.0,17.0,4649
Realme,Dimensity,8.0,2.2,Android,6,1,128,1.0,4200,1,1,1,0,1,0,0,6.4,2400.0,1080.0,50.0,16.0,24999
OPPO,Snapdragon,8.0,2.4,Android,8,1,128,1.0,4500,1,1,0,0,1,0,0,6.5,2400.0,1080.0,64.0,32.0,20999
Realme,Snapdragon,8.0,2.84,Android,8,1,128,1.0,5000,1,1,1,0,1,1,0,6.62,2400.0,1080.0,50.0,16.0,28994
Samsung,Exynos,8.0,2.9,Android,8,1,128,1.0,4000,1,1,1,0,1,1,0,6.2,2400.0,1080.0,64.0,10.0,48900
Samsung,Snapdragon,8.0,2.2,Android,8,1,128,1.0,4500,1,1,0,0,1,0,0,6.7,2400.0,1080.0,64.0,32.0,22494
Vivo,Helio,8.0,2.3,Android,3,1,32,1.0,5000,1,1,0,0,1,0,0,6.51,1600.0,720.0,8.0,5.0,8990
Others,Unisoc,8.0,2.4,Android,4,1,32,1.0,4000,1,1,0,0,1,0,0,6.5,1560.0,720.0,13.0,8.0,6999
Tecno,Unisoc,8.0,2.0,Android,4,1,64,1.0,5000,1,1,0,0,1,0,0,6.6,1612.0,720.0,13.0,8.0,8890
iQOO,Snapdragon,8.0,2.2,Android,8,1,128,1.0,5000,1,1,1,0,1,0,0,6.58,2408.0,1080.0,50.0,16.0,18498
Vivo,Snapdragon,8.0,2.4,Android,6,1,128,1.0,4700,1,1,1,0,1,0,0,6.44,2404.0,1080.0,64.0,16.0,23999
Realme,Dimensity,8.0,2.5,Android,8,1,128,1.0,4500,1,1,1,0,1,0,0,6.4,2400.0,1080.0,50.0,16.0,22994
Samsung,Exynos,8.0,2.0,Android,4,1,64,1.0,5000,1,1,0,0,1,0,0,6.5,1600.0,720.0,50.0,5.0,12990
Realme,Snapdragon,8.0,2.4,Android,6,1,128,1.0,5000,1,1,0,0,1,0,0,6.6,2412.0,1080.0,50.0,16.0,14999
Realme,Dimensity,8.0,2.2,Android,8,1,128,1.0,5000,1,1,1,0,1,0,0,6.5,2400.0,1080.0,48.0,16.0,18499
OPPO,Snapdragon,8.0,2.0,Android,6,1,128,1.0,5000,1,1,0,0,1,0,0,6.4,2400.0,1080.0,48.0,16.0,14990
OPPO,Dimensity,8.0,3.2,Android,8,1,256,1.0,4300,0,1,1,0,1,1,0,6.8,2520.0,1080.0,50.0,17.0,70990
Samsung,Helio,8.0,2.0,Android,4,1,64,1.0,6000,1,1,0,0,1,0,0,6.4,2400.0,1080.0,64.0,20.0,12120
Others,Helio,8.0,2.0,Android,8,1,256,1.0,21000,1,1,0,0,1,1,0,6.78,2400.0,1080.0,64.0,16.0,29990
Realme,Snapdragon,8.0,2.2,Android,8,1,128,1.0,5000,1,1,1,0,1,0,0,6.6,2412.0,1080.0,64.0,16.0,20999
Xiaomi,Snapdragon,8.0,2.3,Android,6,1,128,1.0,5020,1,1,0,0,1,0,1,6.67,2400.0,1080.0,48.0,16.0,11999
Samsung,Dimensity,8.0,2.2,Android,4,1,64,1.0,5000,1,1,1,0,1,1,0,6.5,1600.0,720.0,50.0,5.0,17990
Xiaomi,Dimensity,8.0,2.4,Android,4,1,128,1.0,5000,1,1,1,0,1,0,1,6.6,2400.0,1080.0,50.0,16.0,14990
Others,Unisoc,4.0,1.3,Android,1,1,16,1.0,5000,1,1,0,0,1,0,0,6.5,720.0,1600.0,8.0,8.0,6490
Others,Snapdragon,2.0,2.4,Android,512,0,4,1.0,2000,1,1,0,0,1,0,0,2.4,240.0,320.0,2.0,0.3,2999
Realme,Snapdragon,8.0,3.2,Android,8,1,128,1.0,4600,1,1,1,0,1,1,0,6.7,2412.0,1080.0,50.0,16.0,34999
Apple,Bionic,8.0,2.4,iOS,8,1,128,1.0,4700,1,1,1,0,1,1,0,6.73,2796.0,1290.0,48.0,12.0,149900
POCO,Helio,4.0,2.0,Android,2,1,32,1.0,5000,1,1,0,0,1,0,0,6.52,1600.0,720.0,8.0,5.0,6499
Samsung,Snapdragon,8.0,3.2,Android,12,1,256,1.0,4500,1,1,1,0,1,1,0,6.71,3214.0,1440.0,200.0,10.0,104999
Realme,Snapdragon,8.0,2.4,Android,4,1,128,1.0,5000,1,1,0,0,1,0,0,6.6,2412.0,1080.0,50.0,16.0,13999
Xiaomi,Dimensity,8.0,2.4,Android,6,1,64,1.0,5000,1,1,1,0,1,0,1,6.6,2400.0,1080.0,50.0,16.0,16999
Vivo,Snapdragon,8.0,3.0,Android,12,1,256,1.0,4700,1,1,1,0,1,1,0,6.78,3200.0,1440.0,50.0,32.0,79999
OPPO,Dimensity,8.0,3.0,Android,12,1,256,1.0,4500,1,1,1,0,1,1,0,6.55,2400.0,1080.0,64.0,32.0,36760
Xiaomi,Dimensity,8.0,2.5,Android,6,1,128,1.0,5160,1,1,1,0,1,0,1,6.67,1080.0,2400.0,108.0,16.0,23499
Others,Snapdragon,8.0,3.2,Android,18,1,256,1.0,6000,1,1,1,0,1,1,0,6.8,2448.0,1080.0,64.0,32.0,75990
OPPO,Snapdragon,8.0,2.4,Android,6,1,128,1.0,5000,1,1,1,0,1,0,0,6.56,1600.0,720.0,48.0,8.0,21990
Realme,Snapdragon,8.0,2.4,Android,6,1,128,1.0,5000,1,1,1,0,1,0,0,6.6,2412.0,1080.0,48.0,16.0,18999
Samsung,Unisoc,8.0,1.6,Android,3,1,32,1.0,5000,1,1,0,0,1,0,0,6.5,1560.0,720.0,48.0,5.0,7249
OnePlus,Snapdragon,8.0,2.0,Android,4,1,64,1.0,5000,1,1,1,0,1,1,0,6.49,2400.0,1080.0,13.0,16.0,16990
Xiaomi,Snapdragon,8.0,3.2,Android,6,1,128,1.0,4520,1,1,1,0,1,0,1,6.67,2400.0,1080.0,48.0,20.0,23890
OPPO,Dimensity,8.0,2.0,Android,8,1,128,1.0,4300,1,1,1,0,1,1,0,6.43,2400.0,1080.0,64.0,32.0,26380
Realme,Snapdragon,8.0,2.84,Android,12,1,256,1.0,4200,1,1,1,0,1,1,0,6.44,2400.0,1080.0,64.0,32.0,27999
Xiaomi,Helio,8.0,2.0,Android,6,1,128,1.0,5000,1,1,0,0,1,0,0,6.53,1600.0,720.0,13.0,5.0,10850
Xiaomi,Snapdragon,8.0,2.4,Android,6,1,128,1.0,5000,1,1,1,0,1,1,1,6.67,2400.0,1080.0,108.0,16.0,19999
Apple,Bionic,6.0,2.4,iOS,6,1,256,1.0,3200,1,1,1,0,1,1,0,6.1,2556.0,1179.0,48.0,12.0,129990
Motorola,Snapdragon,8.0,2.2,Android,6,1,128,1.0,5000,1,1,1,0,1,1,0,6.5,2400.0,1080.0,108.0,16.0,19990
Motorola,Snapdragon,8.0,3.2,Android,8,1,128,1.0,4450,1,1,1,0,1,1,0,6.67,2400.0,1080.0,200.0,60.0,41990
Xiaomi,Snapdragon,8.0,3.2,Android,8,1,256,1.0,4860,1,1,1,0,1,1,1,6.73,3200.0,1440.0,50.0,32.0,69990
Others,Snapdragon,8.0,2.5,Android,12,1,512,1.0,4800,1,1,1,0,1,1,0,6.67,2400.0,1080.0,54.0,32.0,39990
OnePlus,Snapdragon,8.0,3.0,Android,12,1,512,1.0,5000,1,1,1,0,1,1,0,6.7,3216.0,1440.0,50.0,32.0,74999
Vivo,Dimensity,8.0,3.0,Android,12,1,256,1.0,4300,1,1,1,0,1,0,0,6.56,2376.0,1080.0,108.0,50.0,36994
OPPO,Helio,8.0,2.3,Android,6,1,128,1.0,5000,1,1,0,0,1,0,0,6.51,1600.0,720.0,50.0,16.0,14700
Xiaomi,Snapdragon,8.0,2.84,Android,8,1,128,1.0,5000,1,1,1,0,1,1,1,6.67,2400.0,1080.0,108.0,16.0,34990
Nokia,Snapdragon,8.0,2.4,Android,6,1,64,1.0,6000,0,1,1,0,1,0,0,6.81,2400.0,1080.0,108.0,32.0,34999
Xiaomi,Snapdragon,8.0,2.2,Android,4,1,64,1.0,5000,1,1,0,0,1,0,1,6.43,2400.0,1080.0,48.0,13.0,13990
Samsung,Helio,8.0,2.0,Android,6,1,128,1.0,6000,1,1,0,0,1,0,0,6.4,2400.0,1080.0,64.0,20.0,14859
Tecno,Helio,8.0,2.05,Android,8,1,128,1.0,5000,1,1,0,0,1,1,0,6.8,2460.0,1080.0,64.0,32.0,17999
POCO,Snapdragon,8.0,3.2,Android,8,1,128,1.0,4700,1,1,1,0,1,1,0,6.7,2400.0,1080.0,64.0,32.0,34990
Others,Dimensity,8.0,2.4,Android,8,1,128,1.0,5000,1,1,1,0,1,1,0,6.8,2460.0,1080.0,48.0,16.0,14990
OPPO,Helio,8.0,2.0,Android,3,1,32,1.0,4230,1,1,0,0,1,0,0,6.52,1600.0,720.0,13.0,5.0,8999
Motorola,Helio,8.0,2.3,Android,4,1,64,1.0,5000,1,1,0,0,1,0,0,6.5,1600.0,720.0,50.0,8.0,8999
Xiaomi,Helio,8.0,2.05,Android,8,1,128,1.0,5000,1,1,0,0,1,0,1,6.43,2400.0,1080.0,108.0,16.0,15824
Apple,Bionic,6.0,3.22,iOS,8,1,128,1.0,4605,1,1,1,0,1,1,0,6.47,2107.0,1026.0,50.0,17.0,43900
Samsung,Snapdragon,8.0,2.3,Android,8,1,128,1.0,4500,1,1,0,0,1,0,0,6.5,2400.0,1080.0,64.0,32.0,22494
POCO,Snapdragon,8.0,2.96,Android,6,1,128,1.0,5160,1,1,0,0,1,0,1,6.67,2400.0,1080.0,48.0,20.0,19650
Xiaomi,Helio,8.0,2.0,Android,2,1,32,1.0,5000,1,1,0,0,1,0,0,6.53,1600.0,720.0,13.0,5.0,6999
Samsung,Helio,8.0,2.0,Android,6,1,128,1.0,5000,1,1,0,0,1,0,0,6.4,2400.0,1080.0,64.0,20.0,16499
Motorola,Helio,8.0,2.0,Android,4,1,128,1.0,5000,1,1,0,0,1,1,0,6.5,1600.0,720.0,50.0,8.0,15999
Others,Dimensity,8.0,3.2,Android,16,1,256,1.0,6000,1,1,1,0,1,1,0,6.78,2448.0,1080.0,50.0,12.0,72999
Xiaomi,Dimensity,8.0,2.6,Android,6,1,128,1.0,4980,1,1,1,0,1,0,1,6.67,2400.0,1080.0,200.0,16.0,26999
Infinix,Helio,4.0,2.0,Android,2,1,32,1.0,5000,1,1,0,0,1,0,0,6.6,1600.0,720.0,8.0,5.0,6999
Apple,Bionic,8.0,2.4,iOS,8,1,128,1.0,4605,1,1,1,0,1,1,0,6.47,2107.0,1026.0,50.0,17.0,130990
Realme,Tiger,8.0,1.8,Android,4,1,128,1.0,5000,1,1,0,0,1,0,0,6.6,2408.0,1080.0,50.0,8.0,12787
Infinix,Helio,8.0,2.3,Android,4,1,64,1.0,6000,1,1,0,0,1,0,0,6.82,1640.0,720.0,50.0,8.0,9999
Vivo,Dimensity,8.0,3.05,Android,8,1,128,1.0,4500,1,1,1,0,1,0,0,6.78,2400.0,1080.0,50.0,32.0,54999
Vivo,Helio,8.0,2.0,Android,8,1,128,1.0,5000,1,1,0,0,1,0,0,6.58,2408.0,1080.0,64.0,16.0,15490
Tecno,Helio,8.0,2.05,Android,8,1,256,1.0,4700,1,1,0,0,1,0,0,6.7,2340.0,1080.0,50.0,48.0,25999
Samsung,Helio,8.0,2.3,Android,4,1,128,1.0,5000,1,1,0,0,1,0,0,6.5,1600.0,720.0,13.0,5.0,9499
Xiaomi,Helio,8.0,2.0,Android,4,1,64,1.0,5000,1,1,0,0,1,0,0,6.71,1650.0,720.0,50.0,5.0,7999
Others,Snapdragon,8.0,3.2,Android,8,1,128,1.0,4300,1,1,1,0,1,1,0,5.9,2400.0,1080.0,50.0,12.0,63990
Others,Helio,8.0,2.3,Android,4,1,64,1.0,4000,0,1,0,0,1,1,0,6.2,1680.0,720.0,13.0,8.0,15990
iQOO,Snapdragon,8.0,2.84,Android,12,1,256,1.0,4500,1,1,1,0,1,1,0,6.62,2400.0,1080.0,48.0,16.0,34949
Tecno,Helio,8.0,2.0,Android,4,1,64,1.0,5000,1,1,0,0,1,0,0,6.8,2460.0,1080.0,48.0,8.0,8799
Xiaomi,Helio,8.0,2.0,Android,4,1,64,1.0,6000,1,1,0,0,1,0,1,6.5,2400.0,1080.0,50.0,8.0,12390
Samsung,Helio,8.0,2.0,Android,4,1,64,1.0,6000,1,1,0,0,1,0,0,6.4,1600.0,720.0,48.0,13.0,11499
Xiaomi,Snapdragon,8.0,2.96,Android,12,1,512,1.0,4050,1,1,1,0,1,0,0,7.92,2250.0,2088.0,108.0,17.0,199990
OPPO,Dimensity,8.0,3.05,Android,16,1,256,1.0,5000,1,1,1,0,1,1,0,6.73,2412.0,1080.0,50.0,32.0,42990
Others,Snapdragon,8.0,3.2,Android,8,1,128,1.0,5000,1,1,1,0,1,1,0,6.67,2400.0,1080.0,64.0,16.0,34999
Samsung,Exynos,8.0,2.0,Android,4,1,128,1.0,6000,1,1,0,0,1,1,0,6.6,1080.0,2408.0,50.0,8.0,11999
Nokia,Unisoc,8.0,1.6,Android,4,1,64,1.0,5000,1,1,0,0,1,0,0,6.52,1600.0,720.0,50.0,8.0,10499
Infinix,Tiger,8.0,1.82,Android,4,1,64,1.0,6000,1,1,0,0,1,0,0,6.82,720.0,1640.0,13.0,8.0,8910
Vivo,Snapdragon,8.0,3.2,Android,8,1,128,1.0,4700,1,1,1,0,1,0,0,6.62,2400.0,1080.0,64.0,16.0,24990
OPPO,Snapdragon,8.0,2.2,Android,8,1,128,1.0,4500,1,1,1,0,1,1,0,6.43,2400.0,1080.0,64.0,16.0,17999
Xiaomi,Snapdragon,8.0,2.4,Android,8,1,128,1.0,4250,1,1,1,0,1,1,1,6.55,2400.0,1080.0,64.0,20.0,22999
Realme,Unisoc,8.0,1.6,Android,2,1,32,1.0,5000,1,1,0,0,1,0,0,6.5,1600.0,720.0,8.0,5.0,6490
Infinix,Helio,8.0,2.05,Android,8,1,128,1.0,4500,1,1,1,0,1,0,0,6.67,2400.0,1080.0,108.0,16.0,21990
Nokia,Snapdragon,8.0,2.4,Android,128,0,48,0.0,1020,1,1,0,0,0,0,0,1.8,160.0,120.0,0.3,17.0,1762
Samsung,Helio,8.0,2.0,Android,4,1,64,1.0,6000,1,1,0,0,1,0,0,6.4,2400.0,1080.0,64.0,20.0,12364
Samsung,Snapdragon,8.0,2.96,Android,6,1,128,1.0,4500,1,1,1,0,1,1,0,6.71,3200.0,1440.0,64.0,10.0,39990
Xiaomi,Snapdragon,8.0,2.8,Android,6,1,64,1.0,4000,1,1,0,0,1,0,0,6.18,2246.0,1080.0,12.0,20.0,11999
Vivo,Helio,4.0,1.3,Android,1,1,16,1.0,1900,1,0,0,0,1,0,0,4.5,854.0,480.0,5.0,2.0,7499
Others,Snapdragon,8.0,1.5,Android,3,1,32,1.0,3500,1,1,0,0,1,0,0,5.5,1920.0,1080.0,13.0,5.0,3990
Motorola,Tiger,8.0,2.0,Android,2,1,64,1.0,5000,1,1,0,0,1,0,0,6.5,1600.0,720.0,13.0,5.0,10499
Tecno,Helio,4.0,2.0,Android,2,1,32,1.0,5000,1,1,0,0,1,0,0,6.56,1600.0,720.0,8.0,5.0,6299
Others,Unisoc,4.0,1.4,Android,2,1,32,1.0,3020,1,0,0,0,1,0,0,5.0,480.0,854.0,2.0,0.3,5990
Vivo,Snapdragon,8.0,3.2,Android,12,1,256,1.0,4730,1,1,1,0,1,1,0,8.03,2160.0,1916.0,50.0,17.0,113990
Samsung,Dimensity,8.0,2.0,Android,6,1,128,1.0,7000,1,1,1,0,1,1,0,6.7,2400.0,1080.0,64.0,32.0,21999
iQOO,Snapdragon,8.0,2.4,Android,6,1,128,1.0,5000,1,1,0,0,1,0,0,6.44,2400.0,1080.0,50.0,16.0,15999
Nokia,Snapdragon,4.0,1.1,Android,512,0,4,1.0,1500,1,0,0,0,1,0,0,2.8,320.0,240.0,2.0,17.0,6899
Others,Snapdragon,8.0,2.84,Android,8,1,128,1.0,4000,1,1,1,0,1,1,0,6.1,2520.0,1080.0,12.0,8.0,69990
Vivo,Helio,8.0,2.3,Android,4,1,128,1.0,5000,1,1,0,0,1,0,0,6.35,1544.0,720.0,13.0,16.0,12990
Others,Snapdragon,8.0,3.0,Android,12,1,512,1.0,5000,1,1,1,0,1,1,0,6.5,3840.0,1644.0,12.0,12.0,92980
Tecno,Helio,8.0,2.2,Android,8,1,256,1.0,6000,1,1,0,0,1,0,0,6.66,1600.0,720.0,50.0,8.0,15999
Huawei,Snapdragon,8.0,2.4,Android,8,1,256,1.0,4500,1,1,0,0,1,1,0,6.67,2160.0,1080.0,108.0,16.0,23999
Vivo,Snapdragon,8.0,2.4,Android,4,1,128,1.0,5000,1,1,0,0,1,0,0,6.58,2408.0,1080.0,50.0,8.0,12999
Others,Snapdragon,8.0,3.2,Android,12,1,256,1.0,5000,1,1,1,0,1,1,0,6.8,2400.0,1080.0,64.0,8.0,60990
Motorola,Helio,8.0,1.8,Android,4,1,64,1.0,5000,1,1,0,0,1,0,0,6.5,1600.0,720.0,16.0,8.0,8859
iQOO,Snapdragon,8.0,3.2,Android,12,1,256,1.0,4700,1,1,1,0,1,0,1,6.62,2400.0,1080.0,64.0,16.0,33749
Samsung,Exynos,8.0,2.4,Android,6,1,64,1.0,5000,1,1,0,0,1,0,0,6.5,1600.0,720.0,48.0,8.0,15990
POCO,Dimensity,8.0,2.85,Android,8,1,128,1.0,5080,1,1,1,0,1,1,1,6.6,2460.0,1080.0,64.0,16.0,24990
Realme,Dimensity,8.0,2.4,Android,4,1,128,1.0,5000,1,1,1,0,1,0,0,6.6,2400.0,1080.0,48.0,16.0,14999
Vivo,Dimensity,8.0,2.2,Android,6,1,128,1.0,4500,1,1,1,0,1,0,0,6.64,2388.0,1080.0,50.0,8.0,17990
Others,Dimensity,8.0,2.0,Android,8,1,128,1.0,4300,1,1,1,0,1,0,0,6.67,2340.0,1080.0,64.0,16.0,24990
Xiaomi,Helio,8.0,2.2,Android,4,1,64,1.0,5000,1,1,0,0,1,0,1,6.58,2400.0,1080.0,50.0,8.0,11600
Realme,Tiger,8.0,1.82,Android,3,1,32,1.0,5000,1,1,0,0,1,0,0,6.52,1600.0,720.0,13.0,5.0,8299
Motorola,Helio,8.0,2.0,Android,6,1,128,1.0,5000,1,1,0,0,1,0,0,6.47,2400.0,1080.0,50.0,13.0,11999
Samsung,Snapdragon,8.0,3.2,Android,8,1,128,1.0,3700,1,1,1,0,1,1,0,6.7,2640.0,1080.0,50.0,17.0,89999
OnePlus,Snapdragon,8.0,2.8,Android,8,1,128,1.0,3300,1,1,0,0,1,1,0,6.28,2280.0,1080.0,20.0,16.0,27999
Others,Snapdragon,8.0,2.35,Android,4,1,128,1.0,3520,0,1,0,0,1,1,0,6.0,2880.0,1440.0,12.2,8.0,15990
Xiaomi,Helio,4.0,2.0,Android,2,1,32,1.0,5000,1,1,0,0,1,0,0,6.52,1600.0,720.0,8.0,5.0,7289
Others,Snapdragon,8.0,2.5,Android,8,1,256,1.0,4800,1,1,1,0,1,1,0,6.67,2400.0,1080.0,54.0,32.0,30990
Realme,Helio,8.0,2.0,Android,6,1,128,1.0,5000,1,1,0,0,1,0,0,6.6,2412.0,1080.0,50.0,16.0,15499
Vivo,Helio,8.0,2.3,Android,3,1,32,1.0,5000,1,1,0,0,1,0,0,6.51,1600.0,720.0,13.0,8.0,8499
Samsung,Helio,8.0,2.0,Android,6,1,128,1.0,6000,1,1,0,0,1,0,0,6.4,2400.0,1080.0,64.0,20.0,14490
Samsung,Dimensity,8.0,2.2,Android,6,1,128,1.0,5000,1,1,1,0,1,0,0,6.6,2408.0,1080.0,64.0,8.0,15490
Realme,Snapdragon,8.0,2.2,Android,6,1,128,1.0,5000,1,1,1,0,1,0,0,6.6,2412.0,1080.0,50.0,16.0,14990
POCO,Dimensity,8.0,2.2,Android,4,1,64,1.0,5000,1,1,1,0,1,0,1,6.5,2400.0,1080.0,48.0,8.0,15999
Others,Snapdragon,8.0,2.4,Android,8,1,128,1.0,4080,1,1,1,0,1,1,0,6.0,2340.0,1080.0,16.0,8.0,36000
OnePlus,Snapdragon,8.0,3.2,Android,12,1,256,1.0,4800,1,1,1,1,1,1,0,6.73,3412.0,1440.0,108.0,32.0,69999
Xiaomi,Dimensity,8.0,2.6,Android,8,1,256,1.0,4300,1,1,1,0,1,1,1,6.67,2400.0,1080.0,200.0,16.0,26990
Samsung,Exynos,8.0,2.0,Android,4,1,64,1.0,6000,1,1,0,0,1,0,0,6.6,2400.0,1080.0,50.0,8.0,10630
OPPO,Dimensity,8.0,2.85,Android,8,1,256,1.0,4500,1,1,1,0,1,1,0,6.7,2412.0,1080.0,50.0,32.0,42990
Vivo,Dimensity,8.0,3.0,Android,8,1,128,1.0,4500,1,1,1,0,1,0,0,6.58,2400.0,1080.0,50.0,16.0,24990
iQOO,Snapdragon,8.0,2.4,Android,4,1,128,1.0,5000,1,1,0,0,1,0,0,6.44,2400.0,1080.0,50.0,16.0,14489
OPPO,Snapdragon,8.0,2.4,Android,6,1,128,1.0,5000,1,1,0,0,1,0,0,6.56,1612.0,720.0,13.0,8.0,16490
Realme,Dimensity,8.0,2.5,Android,8,1,256,1.0,4500,1,1,1,0,1,0,0,6.4,2400.0,1080.0,50.0,16.0,24494
Vivo,Helio,8.0,2.3,Android,2,1,32,1.0,5000,1,1,0,0,1,0,0,6.51,1600.0,720.0,8.0,5.0,7999
Motorola,Snapdragon,8.0,2.9,Android,6,1,128,1.0,5000,1,1,1,0,1,0,0,6.8,2460.0,1080.0,108.0,16.0,23990
Realme,Snapdragon,8.0,3.0,Android,8,1,128,1.0,5000,1,1,1,0,1,1,0,6.7,3216.0,1440.0,50.0,32.0,49959
Apple,Bionic,6.0,3.22,iOS,6,1,256,1.0,3095,1,1,1,0,1,1,0,6.1,2532.0,1170.0,12.0,12.0,129900
Vivo,Helio,8.0,2.05,Android,8,1,128,1.0,4000,1,1,0,0,1,0,0,6.44,2400.0,1080.0,64.0,16.0,19990
Samsung,Exynos,8.0,2.4,Android,4,1,64,1.0,5000,1,1,0,0,1,1,0,6.62,1080.0,2408.0,50.0,16.0,14990
Vivo,Snapdragon,8.0,2.3,Android,8,1,128,1.0,4000,1,1,0,0,1,0,0,6.44,2400.0,1080.0,64.0,44.0,23269
Xiaomi,Snapdragon,8.0,2.3,Android,4,1,64,1.0,5020,1,1,0,0,1,0,1,6.67,2400.0,1080.0,48.0,16.0,13999
Samsung,Exynos,8.0,2.4,Android,512,0,128,0.0,800,1,0,0,0,0,0,0,2.0,160.0,128.0,50.0,17.0,1949
Others,Snapdragon,8.0,2.4,Android,64,0,128,0.0,2500,1,1,0,0,1,0,0,2.4,240.0,320.0,0.3,17.0,2799
OnePlus,Dimensity,8.0,2.85,Android,8,1,128,1.0,5000,1,1,1,0,1,1,0,6.7,2412.0,1080.0,50.0,16.0,35389
Others,Google,8.0,2.8,Android,12,1,256,1.0,5003,1,1,1,0,1,1,0,6.71,3120.0,1440.0,50.0,11.1,79700
Nokia,Unisoc,8.0,1.6,Android,3,1,32,1.0,5050,1,1,0,0,1,0,0,6.74,1600.0,720.0,13.0,5.0,9499
Infinix,Tiger,8.0,2.0,Android,8,1,128,1.0,5000,1,1,0,0,1,0,0,6.6,1612.0,720.0,50.0,8.0,12340
POCO,Helio,8.0,2.2,Android,4,1,64,1.0,5000,1,1,0,0,1,0,1,6.58,2400.0,1080.0,50.0,8.0,10799
Xiaomi,Snapdragon,8.0,2.4,Android,4,1,128,1.0,6000,1,1,0,0,1,0,0,6.7,1600.0,720.0,50.0,5.0,14990
Others,Snapdragon,8.0,3.0,Android,8,1,128,1.0,5000,1,1,1,0,1,1,0,6.8,2480.0,1116.0,64.0,16.0,61990
Xiaomi,Snapdragon,8.0,3.0,Android,12,1,256,1.0,4600,1,1,1,0,1,1,1,6.73,3200.0,1440.0,50.0,32.0,51880
OPPO,Snapdragon,8.0,2.4,Android,8,1,128,1.0,5000,1,1,0,0,1,0,0,6.59,2412.0,1080.0,50.0,16.0,16990
Huawei,Snapdragon,8.0,2.4,Android,8,1,128,1.0,4000,1,1,0,0,1,1,0,6.78,2388.0,1080.0,108.0,16.0,19990
Samsung,Snapdragon,8.0,3.0,Android,8,1,256,1.0,3700,1,1,1,0,1,1,0,6.1,2340.0,1080.0,50.0,10.0,57999
Others,Snapdragon,8.0,3.0,Android,12,1,256,1.0,5600,1,1,1,0,1,1,0,6.92,2460.0,1080.0,64.0,16.0,46990
Vivo,Dimensity,8.0,2.2,Android,4,1,128,1.0,5000,1,1,1,0,1,1,0,6.58,2408.0,1080.0,50.0,8.0,20990
Nokia,Snapdragon,8.0,2.0,Android,6,1,128,1.0,4470,1,1,1,0,1,1,0,6.67,2400.0,1080.0,48.0,16.0,17990
Realme,Dimensity,8.0,2.4,Android,8,1,128,1.0,5000,1,1,1,0,1,0,0,6.5,2400.0,1080.0,64.0,16.0,17499
Realme,Dimensity,8.0,2.4,Android,6,1,128,1.0,5000,1,1,1,0,1,0,0,6.5,2400.0,1080.0,64.0,16.0,17999
Nokia,Snapdragon,8.0,3.2,Android,8,1,128,1.0,6000,1,1,1,0,1,0,0,6.51,2408.0,1080.0,200.0,32.0,49990
Others,Snapdragon,8.0,2.4,Android,512,0,128,0.0,4605,1,1,0,0,1,0,0,6.47,2107.0,1026.0,50.0,17.0,2399
POCO,Snapdragon,8.0,2.2,Android,4,1,128,1.0,5000,1,1,1,0,1,0,1,6.67,2400.0,1080.0,48.0,8.0,14999
Xiaomi,Snapdragon,8.0,2.3,Android,6,1,128,1.0,5020,1,1,0,0,1,0,1,6.67,2400.0,1080.0,108.0,16.0,19980
iQOO,Snapdragon,8.0,3.2,Android,12,1,256,1.0,4400,1,1,1,0,1,1,0,6.62,2400.0,1080.0,48.0,16.0,35990
Realme,Helio,8.0,2.0,Android,4,1,128,1.0,5000,1,1,0,0,1,0,0,6.4,2400.0,1080.0,64.0,16.0,15999
Samsung,Exynos,8.0,2.73,Android,8,1,128,1.0,4000,1,1,0,0,1,1,0,6.2,3200.0,1440.0,64.0,10.0,41999
Xiaomi,Dimensity,8.0,3.1,Android,8,1,128,1.0,5500,1,1,1,0,1,1,1,6.67,3200.0,1440.0,48.0,20.0,25999
Motorola,Helio,8.0,1.8,Android,3,1,32,1.0,5000,1,1,0,0,1,0,0,6.5,1600.0,720.0,16.0,8.0,7990
OnePlus,Dimensity,8.0,3.0,Android,8,1,128,1.0,4500,1,1,1,0,1,1,0,6.43,2400.0,1080.0,50.0,32.0,29990
OPPO,Snapdragon,8.0,2.36,Android,8,1,128,1.0,4500,1,1,1,0,1,0,0,6.43,2460.0,1080.0,50.0,16.0,27990
POCO,Snapdragon,8.0,3.2,Android,8,1,128,1.0,5500,1,1,1,0,1,1,1,6.67,3200.0,1440.0,64.0,16.0,29999
OPPO,Helio,8.0,2.0,Android,4,1,64,1.0,4230,1,1,0,0,1,0,0,6.52,1600.0,720.0,13.0,5.0,8999
POCO,Helio,8.0,2.05,Android,8,1,128,1.0,5000,1,1,0,0,1,0,1,6.43,2400.0,1080.0,64.0,16.0,13999
Realme,Helio,8.0,2.0,Android,4,1,64,1.0,6000,1,1,0,0,1,0,0,6.5,1600.0,720.0,50.0,8.0,11499
Others,Snapdragon,8.0,2.9,Android,8,1,128,1.0,6000,1,1,1,0,1,1,0,6.78,2448.0,1080.0,64.0,24.0,39999
Realme,Snapdragon,8.0,2.4,Android,8,1,128,1.0,4300,1,1,1,0,1,1,0,6.43,2400.0,1080.0,64.0,32.0,27999
Samsung,Dimensity,8.0,2.0,Android,6,1,128,1.0,5000,1,1,1,0,1,1,0,6.5,1600.0,720.0,48.0,13.0,24499
Others,Snapdragon,8.0,3.2,Android,12,1,256,1.0,5000,1,1,1,0,1,1,0,6.8,2480.0,1116.0,50.0,16.0,60999
Samsung,Snapdragon,8.0,2.84,Android,12,1,256,1.0,4400,1,1,1,0,1,1,0,7.6,2208.0,1768.0,50.0,17.0,110999
Others,Snapdragon,8.0,2.4,Android,8,1,128,1.0,4000,1,1,1,0,1,1,0,6.8,2460.0,1080.0,50.0,17.0,54999
Xiaomi,Snapdragon,8.0,2.3,Android,6,1,64,1.0,5020,1,1,0,0,1,0,1,6.67,2400.0,1080.0,64.0,32.0,16490
Samsung,Snapdragon,8.0,2.3,Android,6,1,128,1.0,4500,1,1,0,0,1,0,0,6.5,2400.0,1080.0,64.0,32.0,24990
Nokia,Snapdragon,8.0,2.4,Android,4,0,4,0.0,800,0,0,0,0,0,0,0,1.77,160.0,120.0,50.0,17.0,1299
Vivo,Snapdragon,4.0,1.4,Android,3,1,16,1.0,3360,1,1,0,0,1,0,0,6.0,1440.0,720.0,13.0,5.0,25000
Others,Snapdragon,4.0,1.1,Android,1,1,8,1.0,2000,1,1,0,0,1,0,0,4.5,854.0,480.0,5.0,2.0,1999
Samsung,Helio,8.0,2.3,Android,3,1,64,1.0,5000,1,1,0,0,1,0,0,6.5,1600.0,720.0,13.0,5.0,9950
OPPO,Dimensity,8.0,2.4,Android,8,1,128,1.0,5000,1,1,1,0,1,0,0,6.56,1612.0,720.0,13.0,8.0,12999
OPPO,Helio,8.0,2.2,Android,8,1,256,1.0,5000,1,1,0,0,1,1,0,6.67,2400.0,1080.0,50.0,16.0,19999
OPPO,Snapdragon,8.0,2.5,Android,8,1,256,1.0,5000,1,1,1,0,1,1,0,6.73,2412.0,1080.0,50.0,32.0,32999
Nokia,Snapdragon,8.0,2.2,Android,6,1,128,1.0,4500,1,1,1,0,1,1,0,6.58,2400.0,1080.0,50.0,8.0,28498
OPPO,Helio,8.0,2.3,Android,4,1,128,1.0,5000,1,1,0,0,1,0,0,6.56,1600.0,720.0,50.0,8.0,15998
Nokia,Snapdragon,8.0,2.4,Android,512,0,128,0.0,4605,1,0,0,0,0,0,0,6.47,2107.0,1026.0,50.0,17.0,3749
Motorola,Snapdragon,8.0,3.2,Android,8,1,128,1.0,4800,1,1,1,0,1,1,0,6.7,2460.0,1080.0,50.0,60.0,59990
OPPO,Snapdragon,8.0,2.2,Android,6,1,128,1.0,5000,1,1,1,0,1,0,0,6.59,2412.0,1080.0,64.0,16.0,16990
iQOO,Snapdragon,8.0,2.4,Android,12,1,256,1.0,4700,1,1,1,0,1,0,0,6.44,2404.0,1080.0,64.0,16.0,27999
Nokia,Unisoc,8.0,1.6,Android,6,1,128,1.0,5050,1,1,0,0,1,0,0,6.5,1600.0,720.0,50.0,8.0,13499
Samsung,Exynos,8.0,2.4,Android,6,1,128,1.0,5000,1,1,0,0,1,0,0,6.6,2408.0,1080.0,50.0,8.0,16499
OPPO,Helio,8.0,2.3,Android,4,1,64,1.0,4230,1,1,0,0,1,0,0,6.52,1600.0,720.0,13.0,5.0,10999
Xiaomi,Snapdragon,8.0,2.4,Android,4,1,64,1.0,6000,1,1,0,0,1,0,0,6.7,1600.0,720.0,50.0,5.0,13990
Tecno,Helio,8.0,2.0,Android,4,1,64,1.0,5000,1,1,0,0,1,0,0,6.6,2460.0,1080.0,48.0,32.0,9999
Realme,Dimensity,8.0,2.85,Android,8,1,128,1.0,5000,1,1,1,0,1,1,0,6.7,2412.0,1080.0,50.0,16.0,31994
Xiaomi,Dimensity,8.0,2.5,Android,6,1,128,1.0,4500,1,1,1,0,1,0,1,6.67,1080.0,2400.0,108.0,16.0,24820
iQOO,Snapdragon,8.0,3.2,Android,8,1,128,1.0,4700,1,1,1,0,1,0,0,6.62,2400.0,1080.0,64.0,16.0,22990
iQOO,Snapdragon,8.0,3.0,Android,8,1,256,1.0,4700,1,1,1,0,1,1,0,6.78,3200.0,1440.0,50.0,16.0,59990
Realme,Unisoc,8.0,1.6,Android,4,1,64,1.0,5000,1,1,0,0,1,0,0,6.5,1600.0,720.0,8.0,5.0,8999
Xiaomi,Helio,8.0,2.3,Android,6,1,128,1.0,5000,1,1,0,0,1,0,0,6.53,1600.0,720.0,13.0,5.0,10499
Others,Snapdragon,4.0,1.3,Android,3,1,32,1.0,3000,1,1,0,0,1,0,0,5.5,1440.0,720.0,13.0,8.0,7499
Xiaomi,Helio,8.0,2.0,Android,4,1,64,1.0,4000,1,1,0,0,1,0,1,6.3,2340.0,1080.0,48.0,13.0,9990
Xiaomi,Dimensity,8.0,2.2,Android,4,1,128,1.0,5000,1,1,1,0,1,0,1,6.5,2400.0,1080.0,48.0,8.0,12490
Vivo,Helio,8.0,2.0,Android,4,1,64,1.0,5000,1,1,0,0,1,0,0,6.51,1600.0,720.0,13.0,8.0,13990
Samsung,Dimensity,8.0,2.2,Android,6,1,128,1.0,5000,1,1,1,0,1,0,0,6.6,2408.0,1080.0,48.0,8.0,17990
Vivo,Dimensity,8.0,2.4,Android,8,1,128,1.0,4000,1,1,0,0,1,0,0,6.44,2400.0,1080.0,64.0,44.0,24999
Realme,Snapdragon,8.0,2.3,Android,8,1,128,1.0,4500,1,1,0,0,1,0,0,6.4,2400.0,1080.0,64.0,32.0,21999
OnePlus,Snapdragon,8.0,2.0,Android,8,1,128,1.0,4300,1,1,0,0,1,0,0,6.55,2400.0,1080.0,48.0,16.0,19999
Samsung,Exynos,8.0,2.73,Android,12,1,128,1.0,5000,1,1,1,0,1,1,0,6.9,3200.0,1440.0,108.0,40.0,99999
Apple,Bionic,6.0,2.65,iOS,4,1,64,1.0,3500,1,1,0,0,1,1,0,6.5,2688.0,1242.0,12.0,12.0,109900
Apple,Bionic,4.0,2.37,iOS,3,1,32,1.0,2230,0,1,0,0,1,0,0,4.7,1334.0,750.0,13.0,7.0,52990
Others,Snapdragon,8.0,2.4,Android,512,0,128,0.0,4605,1,0,0,0,1,0,0,6.47,2107.0,1026.0,50.0,17.0,99
Others,Snapdragon,8.0,2.0,Android,8,1,128,1.0,5000,1,1,0,0,1,1,0,6.5,2400.0,1080.0,50.0,16.0,19990
Samsung,Helio,8.0,2.3,Android,4,1,128,1.0,5000,1,1,0,0,1,0,0,6.5,1600.0,720.0,13.0,5.0,11499
Others,Snapdragon,8.0,2.4,Android,512,0,128,0.0,4605,1,0,0,0,0,0,0,6.47,2107.0,1026.0,50.0,17.0,699
Xiaomi,Helio,8.0,2.2,Android,4,1,64,1.0,5000,1,1,0,0,1,0,1,6.67,2400.0,1080.0,48.0,13.0,13999
Others,Helio,8.0,2.2,Android,12,1,256,1.0,9800,1,1,0,0,1,0,0,6.78,2400.0,1080.0,50.0,17.0,22990
Vivo,Snapdragon,8.0,2.2,Android,8,1,256,1.0,5000,1,1,1,0,1,0,0,6.7,2400.0,1080.0,108.0,32.0,28990
POCO,Snapdragon,8.0,3.2,Android,8,1,128,1.0,4500,1,1,1,0,1,1,0,6.67,2400.0,1080.0,64.0,20.0,27999
Xiaomi,Dimensity,8.0,2.85,Android,6,1,128,1.0,5080,1,1,1,0,1,1,1,6.6,2460.0,1080.0,64.0,16.0,19990
Realme,Dimensity,8.0,2.5,Android,8,1,128,1.0,5000,1,1,1,0,1,0,0,6.4,2400.0,1080.0,48.0,16.0,22999
Vivo,Snapdragon,8.0,2.4,Android,8,1,128,1.0,5000,1,1,0,0,1,0,0,6.44,2408.0,1080.0,50.0,16.0,17999
Xiaomi,Helio,8.0,2.05,Android,6,1,128,1.0,5000,1,1,0,0,1,0,1,6.43,2400.0,1080.0,108.0,16.0,15499
Others,Dimensity,8.0,2.4,Android,8,1,128,1.0,5000,1,1,1,0,1,0,0,6.78,2460.0,1080.0,64.0,16.0,17990
Realme,Helio,8.0,2.05,Android,6,1,128,1.0,5000,1,1,0,0,1,0,0,6.6,2412.0,1080.0,50.0,16.0,13999
OPPO,Helio,8.0,2.3,Android,4,1,64,1.0,5000,1,1,0,0,1,0,0,6.51,1600.0,720.0,50.0,16.0,13499
POCO,Dimensity,8.0,2.2,Android,6,1,128,1.0,5000,1,1,1,0,1,0,1,6.5,2400.0,1080.0,48.0,8.0,14799
Realme,Unisoc,8.0,1.8,Android,3,1,32,1.0,5000,1,1,0,0,1,0,0,6.5,1600.0,720.0,13.0,5.0,6999
OPPO,Helio,8.0,2.3,Android,4,1,64,1.0,5000,1,1,0,0,1,0,0,6.52,1600.0,720.0,13.0,8.0,11999
Vivo,Dimensity,8.0,2.4,Android,8,1,128,1.0,4000,1,1,1,0,1,0,0,6.44,2400.0,1080.0,64.0,44.0,23994
Nokia,Unisoc,8.0,2.4,Android,64,0,128,0.0,1150,1,1,0,0,0,0,0,2.4,320.0,240.0,0.3,17.0,3589
Apple,Bionic,6.0,3.1,iOS,6,1,512,1.0,4605,1,1,1,0,1,1,0,6.47,2107.0,1026.0,50.0,17.0,139900
Others,Snapdragon,8.0,2.84,Android,8,1,256,1.0,4000,1,1,1,0,1,1,0,6.5,3840.0,1644.0,12.0,8.0,69999
Motorola,Snapdragon,8.0,2.84,Android,12,1,256,1.0,5000,0,1,1,0,1,1,0,6.7,2340.0,1080.0,108.0,25.0,57999
Samsung,Exynos,8.0,2.73,Android,8,1,256,1.0,4300,1,1,0,0,1,1,0,6.7,2400.0,1080.0,64.0,10.0,86000
Samsung,Helio,8.0,2.3,Android,4,1,64,1.0,5000,1,1,0,0,1,0,0,6.5,1560.0,720.0,48.0,8.0,11999
Xiaomi,Snapdragon,8.0,2.3,Android,6,1,128,1.0,5000,1,1,0,0,1,1,1,6.67,2400.0,1080.0,50.0,16.0,14999
Realme,Snapdragon,8.0,3.2,Android,8,1,128,1.0,5000,1,1,1,0,1,0,0,6.62,2400.0,1080.0,64.0,16.0,26499
Realme,Unisoc,8.0,1.6,Android,4,1,64,1.0,5000,1,1,0,0,1,0,0,6.5,1600.0,720.0,8.0,5.0,8990
Apple,Bionic,6.0,3.22,iOS,6,1,512,1.0,3279,1,1,1,0,1,1,0,6.1,2532.0,1170.0,12.0,12.0,95999
iQOO,Snapdragon,8.0,3.2,Android,8,1,128,1.0,4700,1,1,1,0,1,1,1,6.78,2400.0,1080.0,50.0,16.0,47990
Tecno,Helio,8.0,2.05,Android,8,1,128,1.0,5000,1,1,0,0,1,0,0,6.8,2460.0,1080.0,64.0,32.0,17990
OnePlus,Snapdragon,8.0,2.2,Android,8,1,128,1.0,5000,1,1,1,0,1,1,0,6.59,2412.0,1080.0,64.0,16.0,22999
Nokia,Snapdragon,8.0,2.4,Android,512,0,128,0.0,4605,1,0,0,0,0,0,0,6.47,2107.0,1026.0,50.0,17.0,1299
Samsung,Snapdragon,8.0,3.0,Android,8,1,128,1.0,5000,1,1,1,0,1,1,0,6.8,3080.0,1440.0,108.0,40.0,99990
POCO,Snapdragon,8.0,3.0,Android,8,1,128,1.0,4700,1,1,1,0,1,1,1,6.67,2400.0,1080.0,64.0,20.0,39999
Xiaomi,Snapdragon,8.0,2.84,Android,12,1,256,1.0,5000,1,1,1,0,1,1,1,6.67,2400.0,1080.0,108.0,16.0,38999
Vivo,Helio,8.0,2.3,Android,4,1,128,1.0,5000,1,1,0,0,1,0,0,6.51,1600.0,720.0,13.0,8.0,12490
Nokia,Snapdragon,8.0,2.4,Android,512,0,128,0.0,4605,1,0,0,0,1,0,0,6.47,2107.0,1026.0,50.0,17.0,5490
Samsung,Snapdragon,8.0,3.2,Android,6,1,128,1.0,4500,1,1,1,0,1,1,0,6.71,3200.0,1440.0,64.0,10.0,39990
Motorola,Snapdragon,8.0,2.4,Android,512,0,128,0.0,4605,1,0,0,0,0,0,0,6.47,2107.0,1026.0,50.0,17.0,1339
Vivo,Helio,8.0,2.0,Android,8,1,128,1.0,5000,1,1,0,0,1,0,0,6.58,2408.0,1080.0,50.0,16.0,16685
Huawei,Kirin,8.0,3.13,Others,8,1,128,1.0,4400,1,1,0,0,1,1,1,6.76,2772.0,1344.0,50.0,13.0,69990
Others,Unisoc,8.0,1.8,Android,4,1,64,1.0,5000,1,1,0,0,1,0,0,6.52,1600.0,720.0,13.0,5.0,6999
Others,Snapdragon,8.0,3.2,Android,12,1,256,1.0,6000,1,1,1,0,1,1,0,6.78,2448.0,1080.0,50.0,12.0,71999
Realme,Dimensity,8.0,3.0,Android,8,1,128,1.0,4500,1,1,1,0,1,1,0,6.43,2400.0,1080.0,64.0,16.0,26999
Realme,Dimensity,8.0,2.2,Android,4,1,128,1.0,5000,1,1,1,0,1,0,0,6.5,2400.0,1080.0,48.0,16.0,16499
OPPO,Dimensity,8.0,2.2,Android,6,1,128,1.0,5000,1,1,1,0,1,0,0,6.5,1600.0,720.0,13.0,8.0,17990
Xiaomi,Helio,8.0,2.3,Android,4,1,64,1.0,5000,1,1,0,0,1,0,0,6.53,1600.0,720.0,13.0,5.0,8999
Apple,Bionic,6.0,2.65,iOS,3,1,64,1.0,1821,1,1,0,0,1,1,0,4.7,1334.0,750.0,12.0,7.0,39900
Others,Snapdragon,8.0,2.4,Android,512,0,128,0.0,4605,0,0,0,0,0,0,0,6.47,2107.0,1026.0,50.0,17.0,2799
Others,Tiger,4.0,1.8,Android,6,1,64,1.0,4000,1,1,0,0,1,0,0,6.5,1560.0,720.0,8.0,5.0,5999
OnePlus,Dimensity,8.0,2.4,Android,8,1,128,1.0,5000,1,1,1,0,1,1,0,6.57,2400.0,1080.0,64.0,32.0,34999
Vivo,Dimensity,8.0,2.0,Android,8,1,128,1.0,6000,1,1,1,0,1,0,0,6.58,2408.0,1080.0,50.0,8.0,16990
OPPO,Snapdragon,8.0,2.2,Android,8,1,128,1.0,4800,1,1,1,0,1,1,0,6.58,2400.0,1080.0,50.0,32.0,22990
Vivo,Helio,8.0,2.2,Android,8,1,256,1.0,4500,1,1,0,0,1,0,0,6.44,2400.0,1080.0,64.0,32.0,19990
Infinix,Tiger,8.0,2.0,Android,6,1,64,1.0,5000,1,1,0,0,1,0,0,6.6,1612.0,720.0,50.0,8.0,10850
Realme,Dimensity,8.0,2.4,Android,4,1,64,1.0,5000,1,1,1,0,1,0,0,6.6,2400.0,1080.0,48.0,16.0,13499
Others,Snapdragon,8.0,2.4,Android,512,0,128,0.0,4605,1,0,0,0,0,0,0,6.47,2107.0,1026.0,50.0,17.0,958
Others,Unisoc,8.0,1.6,Android,3,1,64,1.0,5000,1,1,0,0,1,0,0,6.6,720.0,1612.0,8.0,5.0,6699
OPPO,Snapdragon,8.0,2.4,Android,8,1,128,1.0,5000,1,1,0,0,1,0,0,6.59,2412.0,1080.0,50.0,16.0,17999
Xiaomi,Dimensity,8.0,2.2,Android,4,1,128,1.0,5000,1,1,1,0,1,0,1,6.58,2408.0,1080.0,50.0,5.0,13990
Others,Snapdragon,8.0,3.0,Android,12,1,512,1.0,4600,1,1,1,0,1,1,0,6.76,2772.0,1344.0,50.0,13.0,94990
Tecno,Helio,8.0,2.3,Android,4,1,64,1.0,5000,1,1,0,0,1,0,0,6.6,2408.0,1080.0,50.0,8.0,8968
Infinix,Helio,4.0,2.0,Android,2,1,64,1.0,5000,1,1,0,0,1,0,0,6.6,1600.0,720.0,8.0,5.0,7320
Realme,Tiger,8.0,1.8,Android,4,1,64,1.0,5000,1,1,0,0,1,0,0,6.5,720.0,1600.0,50.0,8.0,8999
Samsung,Helio,8.0,2.3,Android,6,1,128,1.0,5000,1,1,0,0,1,0,0,6.5,1560.0,720.0,48.0,8.0,13999
Tecno,Helio,8.0,2.0,Android,6,1,128,1.0,5000,1,1,0,0,1,1,0,6.8,2460.0,1080.0,64.0,16.0,14746
Xiaomi,Dimensity,8.0,2.6,Android,6,1,128,1.0,5000,1,1,1,0,1,1,1,6.6,2400.0,1080.0,64.0,16.0,16999
Xiaomi,Snapdragon,8.0,3.2,Android,8,1,128,1.0,4520,1,1,1,0,1,0,1,6.67,2400.0,1080.0,48.0,20.0,25990
Xiaomi,Snapdragon,8.0,2.2,Android,6,1,128,1.0,5000,1,1,0,0,1,0,1,6.43,2400.0,1080.0,48.0,13.0,16499
Xiaomi,Snapdragon,8.0,2.3,Android,6,1,64,1.0,5020,1,1,0,0,1,0,1,6.67,2400.0,1080.0,108.0,16.0,19999
Xiaomi,Snapdragon,8.0,2.84,Android,6,1,128,1.0,5000,1,1,1,0,1,1,0,6.67,1080.0,2400.0,64.0,20.0,23500
Others,Snapdragon,8.0,2.4,Android,6,1,128,1.0,4300,1,1,1,0,1,1,0,6.8,2460.0,1080.0,48.0,16.0,54999
Motorola,Snapdragon,8.0,2.2,Android,6,1,128,1.0,5000,1,1,0,0,1,0,0,6.5,2340.0,1080.0,64.0,16.0,19499
Others,Snapdragon,8.0,2.84,Android,8,1,128,1.0,5000,1,1,1,0,1,1,0,6.8,2460.0,1080.0,50.0,17.0,79990
Samsung,Exynos,8.0,2.7,Android,6,1,128,1.0,4500,1,1,0,0,1,1,0,6.7,2400.0,1080.0,12.0,32.0,39999
Samsung,Exynos,8.0,2.7,Android,12,1,256,1.0,4300,1,1,1,0,1,1,1,6.8,3040.0,1440.0,12.0,10.0,92999
Xiaomi,Helio,8.0,2.4,Android,8,0,16,0.0,1480,1,0,0,0,1,0,0,2.8,320.0,240.0,50.0,17.0,1799
iQOO,Snapdragon,8.0,3.2,Android,8,1,256,1.0,5000,1,1,1,0,1,1,1,6.78,2400.0,1080.0,50.0,16.0,32990
Samsung,Exynos,8.0,2.0,Android,4,1,128,1.0,5000,1,1,0,0,1,0,0,6.5,1600.0,720.0,50.0,5.0,14499
Vivo,Dimensity,8.0,2.2,Android,4,1,128,1.0,5000,1,1,1,0,1,0,0,6.51,1600.0,720.0,13.0,5.0,13999
Vivo,Helio,8.0,2.4,Android,2,1,32,1.0,5000,1,1,0,0,1,0,0,6.51,1600.0,720.0,8.0,5.0,7999
Others,Unisoc,8.0,1.6,Android,2,1,32,1.0,5000,1,1,0,0,1,0,0,6.6,720.0,1612.0,8.0,5.0,5785
Xiaomi,Dimensity,8.0,2.2,Android,4,1,128,1.0,5000,1,1,1,0,1,0,1,6.58,2400.0,1080.0,13.0,5.0,12990
POCO,Dimensity,8.0,2.5,Android,8,1,128,1.0,5100,1,1,1,0,1,0,1,6.73,2400.0,1080.0,108.0,32.0,19990
OPPO,Dimensity,8.0,2.4,Android,12,1,256,1.0,5000,1,1,1,0,1,0,0,6.56,2400.0,1080.0,48.0,8.0,23990
Samsung,Exynos,8.0,1.8,Android,6,1,64,1.0,4000,1,1,0,0,1,0,0,6.4,2408.0,1080.0,48.0,16.0,17999
Infinix,Helio,8.0,2.2,Android,6,1,128,1.0,5000,1,1,0,0,1,0,0,6.91,2460.0,1080.0,108.0,16.0,16999
Others,Snapdragon,8.0,2.2,Android,4,1,128,1.0,5000,1,1,1,0,1,0,0,6.5,1600.0,720.0,13.0,5.0,9999
Infinix,Helio,8.0,2.0,Android,3,1,64,1.0,5000,1,1,0,0,1,0,0,6.82,1600.0,720.0,8.0,5.0,8299
Others,Snapdragon,8.0,3.0,Android,8,1,256,1.0,5000,1,1,1,0,1,1,0,6.1,2520.0,1080.0,12.0,12.0,82199
Samsung,Exynos,8.0,2.4,Android,512,0,128,0.0,4605,0,0,0,0,0,0,0,6.47,2107.0,1026.0,50.0,17.0,1850
Others,Snapdragon,8.0,3.0,Android,8,1,128,1.0,5000,1,1,1,0,1,1,0,6.67,2400.0,1080.0,64.0,16.0,49990
Nokia,Unisoc,8.0,1.6,Android,4,1,64,1.0,5050,1,1,0,0,1,0,0,6.5,1600.0,720.0,50.0,8.0,11999
Xiaomi,Snapdragon,8.0,2.4,Android,6,1,128,1.0,4300,1,1,1,0,1,1,0,6.55,2400.0,1080.0,108.0,32.0,29990
OPPO,Snapdragon,8.0,2.84,Android,8,1,256,1.0,4500,1,1,1,0,1,1,0,7.1,1920.0,1792.0,50.0,17.0,92249
Apple,Bionic,6.0,3.22,iOS,6,1,256,1.0,4352,1,1,1,0,1,1,0,6.7,2778.0,1284.0,12.0,12.0,139900
Vivo,Helio,8.0,2.0,Android,4,1,128,1.0,5000,1,1,0,0,1,0,0,6.51,1600.0,720.0,50.0,8.0,14990
OPPO,Snapdragon,8.0,2.0,Android,6,1,128,1.0,5000,1,1,0,0,1,0,0,6.43,2400.0,1080.0,48.0,16.0,15988
Samsung,Exynos,8.0,2.3,Android,4,1,64,1.0,6000,1,1,0,0,1,0,0,6.4,2340.0,1080.0,48.0,20.0,11725
OPPO,Helio,8.0,2.2,Android,8,1,128,1.0,4310,1,1,0,0,1,0,0,6.43,2400.0,1080.0,48.0,16.0,17994
OPPO,Snapdragon,8.0,2.84,Android,8,1,256,1.0,4000,0,1,0,0,1,0,0,7.4,3200.0,1440.0,50.0,17.0,134999
OnePlus,Snapdragon,8.0,2.0,Android,6,1,128,1.0,4300,1,1,1,0,1,1,0,6.49,2400.0,1080.0,64.0,16.0,25595
Others,Helio,8.0,1.99,Android,6,1,128,1.0,4000,1,0,0,0,1,0,0,6.2,1520.0,720.0,16.0,13.0,7499
POCO,Helio,8.0,2.0,Android,6,1,64,1.0,5000,1,1,0,0,1,0,1,6.53,2340.0,1080.0,13.0,8.0,10890
OPPO,Helio,8.0,2.2,Android,8,1,128,1.0,4015,1,1,0,0,1,0,0,6.43,2400.0,1080.0,48.0,16.0,18990
Motorola,Snapdragon,8.0,2.2,Android,6,1,128,1.0,5000,1,1,1,0,1,1,0,6.67,2400.0,1080.0,48.0,16.0,19990
Samsung,Exynos,8.0,2.3,Android,4,1,128,1.0,4000,1,1,0,0,1,1,0,6.4,2340.0,1080.0,48.0,32.0,15990
Samsung,Exynos,8.0,2.73,Android,12,1,256,1.0,4300,1,1,0,0,1,1,0,6.8,3040.0,1440.0,12.0,10.0,58999
Vivo,Helio,8.0,2.0,Android,4,1,64,1.0,5000,1,1,0,0,1,0,0,6.35,1544.0,720.0,13.0,16.0,12500
Vivo,Snapdragon,8.0,2.0,Android,8,1,128,1.0,4500,1,1,0,0,1,0,0,6.38,2340.0,1080.0,48.0,32.0,29999
Vivo,Snapdragon,8.0,2.7,Android,8,1,256,1.0,4700,1,1,1,1,1,0,0,6.67,2408.0,1080.0,64.0,32.0,31990
Vivo,Dimensity,8.0,2.4,Android,8,1,128,1.0,4000,1,1,1,0,1,1,0,6.44,2400.0,1080.0,64.0,44.0,29999
Others,Dimensity,8.0,3.2,Android,16,1,512,1.0,6000,1,1,1,0,1,1,0,6.78,2448.0,1080.0,50.0,17.0,107990
Motorola,Snapdragon,8.0,2.2,Android,8,1,128,1.0,4020,1,1,1,0,1,1,0,6.28,2400.0,1080.0,64.0,32.0,31990
Xiaomi,Dimensity,8.0,2.85,Android,8,1,128,1.0,5000,1,1,1,0,1,1,1,6.67,2712.0,1220.0,108.0,20.0,48990
Huawei,Kirin,8.0,3.13,Others,8,1,256,1.0,4500,1,1,1,0,1,1,0,6.76,3200.0,1440.0,64.0,13.0,99990
Realme,Tiger,8.0,1.82,Android,4,1,64,1.0,5000,1,1,0,0,1,0,0,6.52,1600.0,720.0,13.0,5.0,9499
Huawei,Snapdragon,8.0,2.84,Others,8,1,512,1.0,4600,1,1,0,0,1,1,1,7.8,2480.0,2200.0,50.0,17.0,162990
iQOO,Snapdragon,8.0,2.36,Android,6,1,128,1.0,5000,1,1,1,0,1,0,0,6.62,2412.0,1080.0,50.0,16.0,24999
Apple,Bionic,8.0,2.4,iOS,6,1,128,1.0,3285,1,1,0,0,1,1,0,6.06,2532.0,1170.0,50.0,13.0,82990
Infinix,Helio,8.0,2.05,Android,8,1,128,1.0,5000,1,1,0,0,1,0,0,6.95,2460.0,1080.0,50.0,16.0,15999
Tecno,Helio,8.0,1.8,Android,4,1,64,1.0,5000,1,1,0,0,1,0,0,6.52,1600.0,720.0,16.0,8.0,8999
OPPO,Dimensity,8.0,2.2,Android,6,1,128,1.0,5000,1,1,1,0,1,0,0,6.5,1600.0,720.0,13.0,8.0,17990
Vivo,Snapdragon,8.0,3.2,Android,12,1,256,1.0,4500,1,1,1,0,1,1,0,6.78,3200.0,1440.0,50.0,32.0,82990
Xiaomi,Helio,8.0,2.0,Android,6,1,128,1.0,6000,1,1,0,0,1,0,1,6.5,2400.0,1080.0,50.0,8.0,12999
Huawei,Snapdragon,8.0,2.4,Others,8,1,128,1.0,4300,1,0,0,0,1,1,0,6.57,2340.0,1080.0,50.0,32.0,29990
Tecno,Unisoc,4.0,1.3,Android,1,1,16,1.0,4000,1,0,0,0,1,0,0,6.1,1520.0,720.0,5.0,5.0,6999
Huawei,Snapdragon,8.0,2.84,Others,8,1,256,1.0,4360,1,1,0,0,1,1,1,6.6,2700.0,1288.0,50.0,13.0,60999
Xiaomi,Dimensity,8.0,2.85,Android,8,1,128,1.0,5500,1,1,1,0,1,1,1,6.67,3200.0,1440.0,48.0,20.0,27990
Nokia,Unisoc,8.0,1.6,Android,2,1,16,1.0,3000,1,1,0,0,1,0,0,5.45,1440.0,720.0,5.0,5.0,5249
Realme,Snapdragon,8.0,2.2,Android,6,1,128,1.0,5000,1,1,1,0,1,0,0,6.5,2400.0,1080.0,48.0,16.0,14999
OPPO,Snapdragon,8.0,3.2,Android,8,1,128,1.0,4500,1,1,1,0,1,1,0,6.55,2400.0,1080.0,50.0,32.0,44990
Motorola,Snapdragon,8.0,3.2,Android,6,1,128,1.0,5000,1,1,1,0,1,1,0,6.7,2520.0,1080.0,64.0,16.0,22490
OPPO,Snapdragon,8.0,2.84,Android,12,1,256,1.0,4500,1,1,1,0,1,1,0,6.7,3216.0,1440.0,50.0,32.0,50990
POCO,Snapdragon,8.0,2.0,Android,6,1,64,1.0,6000,1,1,0,0,1,0,1,6.53,2340.0,1080.0,48.0,8.0,11499
Others,Unisoc,4.0,1.3,Android,1,1,16,1.0,4000,1,1,0,0,1,0,0,6.5,720.0,1600.0,8.0,8.0,5990
Vivo,Snapdragon,8.0,2.4,Android,8,1,128,1.0,4000,1,1,1,0,1,0,0,6.44,2400.0,1080.0,64.0,44.0,27000
Xiaomi,Snapdragon,8.0,2.84,Android,8,1,128,1.0,5000,1,1,1,0,1,1,1,6.67,2400.0,1080.0,108.0,20.0,29999
Vivo,Snapdragon,8.0,2.3,Android,8,1,256,1.0,4500,1,1,0,0,1,0,0,6.44,2400.0,1080.0,48.0,32.0,27990
Nokia,Snapdragon,8.0,2.4,Android,512,0,128,0.0,4605,1,1,0,0,1,0,0,6.47,2107.0,1026.0,50.0,17.0,3290
Samsung,Exynos,8.0,2.73,Android,8,1,128,1.0,4000,1,1,1,0,1,1,0,6.2,3200.0,1440.0,64.0,10.0,74999
Vivo,Snapdragon,8.0,2.0,Android,4,1,64,1.0,5000,1,1,0,0,1,0,0,6.53,2340.0,1080.0,16.0,16.0,9990
OPPO,Snapdragon,8.0,2.2,Android,8,1,128,1.0,4000,1,1,0,0,1,0,0,6.4,2340.0,1080.0,64.0,32.0,19990
Realme,Snapdragon,8.0,2.3,Android,4,1,64,1.0,4000,1,1,0,0,1,0,0,6.4,2340.0,1080.0,64.0,16.0,13279
Vivo,Helio,8.0,2.0,Android,3,1,64,1.0,5000,1,1,0,0,1,0,0,6.35,1544.0,720.0,13.0,8.0,11000
Apple,Bionic,8.0,2.4,iOS,8,1,128,1.0,4605,0,0,0,0,1,0,0,6.47,2107.0,1026.0,50.0,17.0,18900
Xiaomi,Snapdragon,8.0,2.8,Android,6,1,128,1.0,4000,1,1,0,0,1,0,0,6.18,2246.0,1080.0,12.0,20.0,12999
POCO,Helio,4.0,2.0,Android,3,1,32,1.0,5000,1,1,0,0,1,0,0,6.52,1600.0,720.0,8.0,5.0,7299
Others,Snapdragon,8.0,2.4,Android,512,0,128,0.0,4605,1,0,0,0,0,0,0,6.47,2107.0,1026.0,50.0,17.0,995
Others,Snapdragon,4.0,2.4,Android,4,1,32,1.0,5000,1,1,0,0,1,0,0,6.5,1600.0,720.0,20.0,13.0,7999
Xiaomi,Snapdragon,8.0,3.2,Android,8,1,128,1.0,5000,1,1,1,0,1,1,1,6.73,3200.0,1440.0,50.0,20.0,54990
Vivo,Dimensity,8.0,2.4,Android,12,1,256,1.0,5000,1,1,1,0,1,1,0,6.67,2400.0,1080.0,50.0,32.0,49990
Others,Snapdragon,8.0,3.0,Android,12,1,256,1.0,4500,1,1,1,0,1,1,0,6.78,2652.0,1200.0,200.0,50.0,54990
Apple,Bionic,6.0,3.22,iOS,8,1,128,1.0,4605,1,1,1,0,1,1,0,6.47,2107.0,1026.0,50.0,17.0,49990
Tecno,Dimensity,8.0,2.4,Android,4,1,128,1.0,6000,1,1,0,0,1,0,0,6.8,2400.0,1080.0,50.0,8.0,15499
Apple,Bionic,6.0,2.4,iOS,6,1,512,1.0,4323,1,1,1,0,1,1,0,6.7,2796.0,1290.0,48.0,12.0,169900
Others,Google,8.0,2.4,Android,8,1,128,1.0,4830,1,1,1,0,1,1,0,6.6,2400.0,1080.0,50.0,10.1,53990
Vivo,Dimensity,8.0,3.0,Android,8,1,128,1.0,6000,1,1,1,0,1,0,0,6.58,2408.0,1080.0,50.0,16.0,18990
Motorola,Snapdragon,8.0,2.2,Android,4,1,64,1.0,5000,1,1,1,0,1,1,0,6.6,1080.0,2460.0,50.0,16.0,16999
Motorola,Snapdragon,8.0,2.36,Android,8,1,128,1.0,4200,1,1,1,0,1,1,0,6.5,2412.0,1080.0,50.0,32.0,34999
Vivo,Snapdragon,8.0,3.0,Android,12,1,512,1.0,5000,1,1,1,0,1,1,1,7.0,3080.0,1440.0,50.0,16.0,82990
Realme,Snapdragon,8.0,3.0,Android,12,1,256,1.0,5000,1,1,1,0,1,1,0,6.7,3216.0,1440.0,50.0,32.0,46999
Vivo,Helio,8.0,2.3,Android,3,1,32,1.0,5000,1,1,0,0,1,0,0,6.51,1600.0,720.0,13.0,8.0,8499
Others,Snapdragon,8.0,2.4,Android,6,1,128,1.0,4000,1,1,0,0,1,0,0,6.7,2388.0,1080.0,64.0,16.0,16999
Samsung,Unisoc,8.0,1.6,Android,4,1,64,1.0,5000,1,1,0,0,1,0,0,6.5,1560.0,720.0,48.0,5.0,11499
Samsung,Snapdragon,8.0,3.0,Android,8,1,256,1.0,4500,1,1,1,0,1,1,0,6.6,2340.0,1080.0,50.0,10.0,88999
Vivo,Snapdragon,8.0,2.4,Android,8,1,128,1.0,5000,1,1,0,0,1,0,0,6.58,2408.0,1080.0,50.0,16.0,15990
Xiaomi,Dimensity,8.0,2.5,Android,8,1,128,1.0,5160,1,1,1,0,1,0,1,6.67,1080.0,2400.0,108.0,16.0,24990
OPPO,Snapdragon,8.0,3.0,Android,8,1,256,1.0,5000,1,1,1,0,1,1,0,6.7,3216.0,1440.0,50.0,32.0,79990
Tecno,Helio,8.0,2.4,Android,2,1,32,1.0,5000,1,1,0,0,1,0,0,6.51,1600.0,720.0,13.0,8.0,6249
Vivo,Snapdragon,8.0,2.4,Android,3,1,64,1.0,5000,1,1,0,0,1,0,0,6.51,1600.0,720.0,13.0,8.0,12499
Xiaomi,Helio,8.0,2.0,Android,2,1,32,1.0,5000,1,1,0,0,1,0,0,6.53,1600.0,720.0,13.0,5.0,6499
Apple,Bionic,6.0,3.22,iOS,6,1,1,,4352,1,1,1,0,1,1,0,6.7,2778.0,1284.0,12.0,12.0,179900
Vivo,Snapdragon,8.0,2.0,Android,3,1,64,1.0,5000,1,1,0,0,1,0,0,6.51,1600.0,720.0,13.0,8.0,11990
Vivo,Helio,8.0,2.05,Android,8,1,128,1.0,4050,1,1,0,0,1,0,0,6.44,2400.0,1080.0,64.0,50.0,26990
Samsung,Helio,8.0,2.0,Android,6,1,128,1.0,6000,1,1,0,0,1,0,0,6.4,1600.0,720.0,48.0,13.0,13499
Xiaomi,Snapdragon,8.0,3.2,Android,12,1,256,1.0,4800,1,1,1,0,1,1,1,6.73,3200.0,1440.0,50.0,20.0,75999
Others,Tiger,8.0,1.8,Android,3,1,32,1.0,5000,1,1,0,0,1,0,0,6.52,1600.0,720.0,8.0,5.0,5999
Samsung,Helio,8.0,2.3,Android,3,1,32,1.0,5000,1,1,0,0,1,0,0,6.5,1600.0,720.0,13.0,5.0,8499
OPPO,Helio,8.0,2.3,Android,4,1,128,1.0,5000,1,1,0,0,1,0,0,6.51,720.0,1600.0,13.0,16.0,11990
Xiaomi,Dimensity,8.0,2.2,Android,4,1,128,1.0,5000,1,1,1,0,1,0,1,6.43,2340.0,1080.0,48.0,13.0,10990
Xiaomi,Snapdragon,8.0,2.84,Android,12,1,256,1.0,5020,1,1,1,0,1,1,1,8.01,2480.0,1860.0,50.0,17.0,109990
Realme,Dimensity,8.0,2.2,Android,6,1,128,1.0,5000,1,1,1,0,1,1,0,6.5,2400.0,1080.0,48.0,16.0,16999
OPPO,Helio,8.0,2.3,Android,4,1,64,1.0,5000,1,1,0,0,1,0,0,6.51,720.0,1600.0,13.0,16.0,12199
OPPO,Helio,8.0,2.3,Android,4,1,128,1.0,4230,1,1,0,0,1,0,0,6.52,1600.0,720.0,13.0,8.0,11490
Others,Snapdragon,4.0,2.4,Android,1,1,16,1.0,4000,1,1,0,0,1,0,0,6.0,1600.0,720.0,8.0,5.0,5490
Xiaomi,Snapdragon,8.0,2.0,Android,4,1,64,1.0,6000,1,1,0,0,1,0,1,6.53,2340.0,1080.0,48.0,8.0,11499
Samsung,Exynos,8.0,2.9,Android,8,1,128,1.0,4800,1,1,1,0,1,1,0,6.7,2400.0,1080.0,64.0,10.0,59450
POCO,Snapdragon,8.0,2.3,Android,4,1,64,1.0,5000,1,1,0,0,1,0,1,6.67,2400.0,1080.0,48.0,16.0,12799
Samsung,Exynos,8.0,2.73,Android,8,1,128,1.0,4500,1,1,0,0,1,1,0,6.7,3200.0,1440.0,64.0,10.0,83000
Realme,Snapdragon,8.0,2.3,Android,6,1,64,1.0,4300,1,1,0,0,1,0,0,6.6,2400.0,1080.0,64.0,16.0,14490
Huawei,Kirin,8.0,2.86,Android,8,1,256,1.0,4200,1,1,1,0,1,1,0,6.58,2640.0,1200.0,50.0,32.0,82990
Vivo,Snapdragon,8.0,2.0,Android,3,1,32,1.0,5000,1,1,0,0,1,0,0,6.35,1544.0,720.0,13.0,8.0,9490
Vivo,Snapdragon,8.0,2.0,Android,8,1,128,1.0,3700,1,1,0,0,1,0,0,6.39,2316.0,1080.0,48.0,32.0,25000
Vivo,Snapdragon,8.0,1.95,Android,4,1,64,1.0,4030,1,1,0,0,1,0,0,6.22,720.0,1520.0,13.0,20.0,15000
Vivo,Helio,8.0,2.0,Android,4,1,128,1.0,3315,1,1,0,0,1,0,0,6.3,2280.0,1080.0,16.0,25.0,20990
Samsung,Exynos,8.0,2.8,Android,6,1,128,1.0,3500,1,1,0,0,1,1,0,6.2,2960.0,1440.0,12.0,8.0,34999
Realme,Snapdragon,8.0,3.0,Android,8,1,128,1.0,5000,1,1,1,1,1,0,0,6.73,2400.0,1080.0,50.0,16.0,29999
Vivo,Dimensity,8.0,2.0,Android,4,1,128,1.0,6000,1,1,1,0,1,0,0,6.51,1600.0,720.0,13.0,5.0,11999
Samsung,Helio,8.0,2.3,Android,4,1,128,1.0,5000,1,1,0,0,1,0,0,6.5,1600.0,720.0,50.0,5.0,12999
Others,Snapdragon,8.0,3.0,Android,12,1,256,1.0,5000,1,1,1,0,1,1,0,6.6,2730.0,1260.0,47.2,12.6,124990
Xiaomi,Dimensity,8.0,3.1,Android,8,1,128,1.0,5080,1,1,1,1,1,0,1,6.67,2460.0,1080.0,50.0,32.0,28999
Infinix,Helio,8.0,2.05,Android,8,1,128,1.0,5000,1,1,0,0,1,0,0,6.78,2460.0,1080.0,50.0,8.0,12999
Realme,Snapdragon,8.0,3.2,Android,8,1,256,1.0,5000,1,1,1,0,1,0,0,6.62,2400.0,1080.0,64.0,16.0,28499
Apple,Bionic,6.0,3.22,iOS,6,1,512,1.0,4325,1,1,1,0,1,1,0,6.7,2778.0,1284.0,12.0,12.0,104999
Apple,Bionic,6.0,2.4,iOS,6,1,1,,3200,1,1,1,0,1,1,0,6.1,2556.0,1179.0,48.0,12.0,172999
Xiaomi,Snapdragon,8.0,2.0,Android,6,1,128,1.0,5100,1,1,1,0,1,0,1,6.73,2408.0,1080.0,64.0,16.0,17990
Xiaomi,Helio,8.0,2.2,Android,6,1,128,1.0,5000,1,1,0,0,1,0,1,6.58,2400.0,1080.0,50.0,8.0,13774
Others,Snapdragon,8.0,2.4,Android,512,0,128,0.0,4605,1,1,0,0,1,0,0,6.47,2107.0,1026.0,50.0,17.0,2239
Nokia,Unisoc,8.0,1.6,Android,4,1,64,1.0,5050,1,1,0,0,1,0,0,6.52,1600.0,720.0,13.0,5.0,8999
OnePlus,Dimensity,8.0,2.4,Android,4,1,64,1.0,5000,1,1,1,0,1,1,0,6.56,1612.0,720.0,48.0,16.0,18990
Tecno,Helio,8.0,2.0,Android,6,1,128,1.0,5000,1,1,0,0,1,1,0,6.8,2400.0,1080.0,48.0,32.0,14999
Realme,Tiger,8.0,1.82,Android,3,1,32,1.0,5000,1,1,0,0,1,0,0,6.5,1600.0,720.0,8.0,5.0,7999
Xiaomi,Snapdragon,8.0,3.2,Android,8,1,128,1.0,5000,1,1,1,0,1,1,1,6.67,2712.0,1220.0,108.0,20.0,39999
OPPO,Helio,8.0,2.3,Android,3,1,64,1.0,5000,1,1,0,0,1,0,0,6.56,1612.0,720.0,13.0,8.0,11990
Infinix,Helio,8.0,2.0,Android,6,1,128,1.0,5000,1,1,0,0,1,0,0,6.7,1080.0,2400.0,50.0,16.0,12999
Samsung,Exynos,8.0,2.4,Android,8,1,128,1.0,4500,1,1,1,1,1,1,0,6.5,2400.0,1080.0,64.0,32.0,54999
Samsung,Exynos,8.0,2.4,Android,6,1,128,1.0,6000,1,1,1,0,1,0,0,6.7,2400.0,1080.0,64.0,32.0,24990
Vivo,Dimensity,8.0,3.05,Android,12,1,256,1.0,4500,1,1,1,0,1,0,0,6.78,2400.0,1080.0,50.0,32.0,59999
POCO,Snapdragon,8.0,2.4,Android,6,1,128,1.0,5000,1,1,1,0,1,0,0,6.67,2400.0,1080.0,64.0,32.0,19999
Infinix,Helio,8.0,2.05,Android,8,1,128,1.0,5000,1,1,0,0,1,0,0,6.7,2400.0,1080.0,50.0,16.0,16999
Samsung,Exynos,8.0,2.4,Android,4,1,64,1.0,6000,1,1,0,0,1,0,0,6.5,1600.0,720.0,48.0,8.0,14999
Vivo,Snapdragon,8.0,2.4,Android,8,1,128,1.0,4500,1,1,1,0,1,0,0,6.44,2408.0,1080.0,50.0,16.0,29990
Xiaomi,Helio,8.0,2.05,Android,6,1,128,1.0,5000,1,1,0,0,1,0,1,6.67,2400.0,1080.0,108.0,16.0,17999
Realme,Tiger,8.0,1.82,Android,4,1,64,1.0,5000,1,1,0,0,1,0,0,6.6,2408.0,1080.0,50.0,8.0,11399
Others,Snapdragon,8.0,2.4,Android,32,0,32,0.0,1000,1,0,0,0,0,0,0,1.8,240.0,260.0,0.3,17.0,599
Vivo,Dimensity,8.0,2.2,Android,8,1,128,1.0,6000,1,1,1,0,1,0,0,6.58,2408.0,1080.0,50.0,8.0,19990
Vivo,Snapdragon,8.0,2.4,Android,4,1,128,1.0,5000,1,1,0,0,1,0,0,6.51,720.0,1600.0,50.0,8.0,15499
Others,Tiger,4.0,2.0,Android,3,1,32,1.0,4800,1,1,0,0,1,0,0,6.8,1600.0,720.0,13.0,5.0,6999
Xiaomi,Snapdragon,8.0,2.3,Android,4,1,128,1.0,5020,1,1,0,0,1,0,1,6.67,2400.0,1080.0,48.0,16.0,12499
Apple,Bionic,6.0,3.22,iOS,4,1,512,1.0,3240,1,1,1,0,1,1,0,6.1,2532.0,1170.0,12.0,12.0,91999
Infinix,Helio,8.0,2.0,Android,4,1,64,1.0,5000,1,1,0,0,1,0,0,6.78,2480.0,1080.0,50.0,8.0,9690
Realme,Snapdragon,8.0,3.2,Android,8,1,128,1.0,4500,1,1,1,0,1,1,0,6.55,2400.0,1080.0,50.0,32.0,32990
Xiaomi,Snapdragon,8.0,3.0,Android,8,1,128,1.0,4500,1,1,1,0,1,1,1,6.28,2400.0,1080.0,50.0,32.0,42990
Others,Snapdragon,4.0,1.3,Android,2,1,16,1.0,2000,0,1,0,0,1,0,0,4.0,640.0,480.0,50.0,17.0,14999
Xiaomi,Snapdragon,8.0,2.3,Android,8,1,128,1.0,4250,1,1,0,0,1,0,1,6.55,2400.0,1080.0,64.0,16.0,18699
Others,Unisoc,8.0,2.4,Android,32,0,32,0.0,1900,1,0,0,0,0,0,0,2.8,320.0,240.0,0.3,17.0,1749
Realme,Dimensity,8.0,2.2,Android,4,1,128,1.0,5000,1,1,1,0,1,0,0,6.5,2400.0,1080.0,48.0,16.0,10990
Xiaomi,Snapdragon,8.0,2.84,Android,8,1,128,1.0,4520,1,1,1,0,1,0,1,6.67,2400.0,1080.0,108.0,20.0,30990
Others,Snapdragon,8.0,2.84,Android,16,1,512,1.0,5000,1,1,1,0,1,1,0,6.5,2400.0,1080.0,64.0,20.0,59999
Samsung,Exynos,8.0,2.73,Android,6,1,128,1.0,7000,1,1,0,0,1,1,0,6.71,2400.0,1080.0,64.0,32.0,23999
Realme,Dimensity,8.0,2.0,Android,4,1,128,1.0,5000,1,1,1,0,1,0,0,6.5,1600.0,720.0,13.0,8.0,9999
Nokia,Unisoc,8.0,2.4,Android,64,0,128,0.0,1150,1,1,0,0,0,0,0,2.4,320.0,240.0,50.0,17.0,3099
Apple,Bionic,6.0,3.1,iOS,6,1,256,1.0,4605,1,1,1,0,1,1,0,6.47,2107.0,1026.0,50.0,17.0,119900
Xiaomi,Helio,8.0,2.0,Android,4,1,128,1.0,5000,1,1,0,0,1,0,0,6.53,1600.0,720.0,13.0,5.0,9299
Realme,Helio,8.0,2.05,Android,6,1,64,1.0,4300,1,1,0,0,1,0,0,6.5,2400.0,1080.0,64.0,16.0,12989
Samsung,Exynos,4.0,1.5,Android,1,1,16,1.0,3000,1,1,0,0,1,0,0,5.3,1480.0,720.0,8.0,5.0,4999
Others,Snapdragon,8.0,2.4,Android,8,1,128,1.0,4605,0,0,0,0,1,0,0,6.47,2107.0,1026.0,50.0,17.0,11999
OPPO,Snapdragon,8.0,2.4,Android,8,1,128,1.0,4300,1,1,1,0,1,0,0,6.43,2400.0,1080.0,64.0,32.0,29990
OPPO,Helio,8.0,2.3,Android,6,1,128,1.0,4230,1,1,0,0,1,0,0,6.5,1600.0,720.0,12.0,8.0,12490
Others,Snapdragon,8.0,2.0,Android,4,1,128,1.0,3600,1,1,0,0,1,1,0,6.0,2520.0,1080.0,12.0,8.0,27999
Vivo,Helio,8.0,2.0,Android,2,1,32,1.0,4030,1,1,0,0,1,0,0,6.22,1520.0,720.0,13.0,5.0,8199
Huawei,Kirin,8.0,2.2,Android,8,1,128,1.0,4200,1,1,0,0,1,0,0,6.4,2340.0,1080.0,48.0,16.0,21990
Vivo,Helio,8.0,2.0,Android,4,1,128,1.0,5000,1,1,0,0,1,0,0,6.53,2340.0,1080.0,16.0,16.0,20000
Vivo,Snapdragon,8.0,2.0,Android,6,1,64,1.0,5000,1,1,0,0,1,0,0,6.53,2340.0,1080.0,16.0,16.0,11990
Xiaomi,Helio,8.0,2.0,Android,4,1,64,1.0,5020,1,1,0,0,1,0,1,6.53,2340.0,1080.0,48.0,13.0,11989
Xiaomi,Snapdragon,8.0,2.0,Android,4,1,64,1.0,5000,1,1,0,0,1,0,1,6.22,1520.0,720.0,12.0,8.0,11490
Motorola,Helio,8.0,2.0,Android,4,1,64,1.0,4000,1,1,0,0,1,0,0,6.2,1520.0,720.0,13.0,8.0,11490
Others,Snapdragon,8.0,2.0,Android,4,1,64,1.0,3700,0,1,0,0,1,1,0,6.0,2160.0,1080.0,12.2,8.0,15999
Samsung,Exynos,8.0,2.2,Android,4,1,64,1.0,3100,1,1,0,0,1,0,0,5.9,2340.0,1080.0,16.0,25.0,17990
Samsung,Exynos,8.0,2.7,Android,8,1,256,1.0,4500,0,1,1,0,1,1,0,6.7,3040.0,1440.0,16.0,10.0,78990
Huawei,Kirin,8.0,2.36,Android,4,1,64,1.0,3000,1,1,0,0,1,0,0,5.84,2280.0,1080.0,13.0,16.0,10949
Xiaomi,Snapdragon,8.0,2.0,Android,4,1,64,1.0,4100,1,1,0,0,1,0,0,5.5,1920.0,1080.0,13.0,5.0,10300
Others,Snapdragon,1.0,2.4,Android,48,0,48,0.0,2500,1,1,0,0,0,0,0,1.8,640.0,480.0,2.0,17.0,1899
Others,Dimensity,8.0,2.6,Android,12,1,256,1.0,22000,1,1,1,0,1,0,0,6.58,2408.0,1080.0,108.0,32.0,45999
Huawei,Kirin,8.0,2.4,Others,4,1,64,1.0,5000,1,1,0,0,1,0,0,6.52,1600.0,720.0,50.0,5.0,21990
iQOO,Snapdragon,8.0,2.4,Android,8,1,128,1.0,5000,1,1,1,0,1,0,0,6.67,2412.0,1080.0,64.0,16.0,19990
Vivo,Snapdragon,8.0,2.4,Android,8,1,256,1.0,5000,1,1,1,0,1,0,0,6.67,2400.0,1080.0,64.0,32.0,32990
POCO,Helio,8.0,2.2,Android,6,1,128,1.0,5000,1,1,0,0,1,0,1,6.58,2400.0,1080.0,50.0,8.0,14499
Nokia,Snapdragon,8.0,2.2,Android,6,1,128,1.0,4200,1,1,1,0,1,1,0,6.43,2400.0,1080.0,50.0,16.0,41990
Tecno,Helio,8.0,2.0,Android,6,1,128,1.0,7000,1,1,0,0,1,0,0,6.82,1600.0,720.0,16.0,8.0,13990
Nokia,Snapdragon,8.0,2.4,Android,4,0,4,0.0,1000,1,0,0,0,0,0,0,1.77,160.0,120.0,50.0,17.0,1599
Nokia,Snapdragon,8.0,2.4,Android,512,0,128,0.0,4605,1,0,0,0,0,0,0,6.47,2107.0,1026.0,50.0,17.0,4799
Vivo,Helio,8.0,2.3,Android,3,1,64,1.0,5000,1,1,0,0,1,0,0,6.51,1600.0,720.0,13.0,8.0,10490
Huawei,Snapdragon,8.0,2.4,Others,8,1,128,1.0,4000,1,0,0,0,1,0,0,6.67,2400.0,1080.0,50.0,60.0,29990
Huawei,Snapdragon,8.0,2.4,Others,8,1,128,1.0,5000,1,1,0,0,1,1,0,6.7,2388.0,1080.0,50.0,8.0,22990
Samsung,Dimensity,8.0,3.0,Android,8,1,128,1.0,5000,1,1,1,0,1,0,0,6.7,2400.0,1080.0,48.0,16.0,47990
Infinix,Helio,8.0,2.05,Android,8,1,128,1.0,4500,1,1,0,0,1,0,0,6.7,2400.0,1080.0,108.0,16.0,19999
OnePlus,Snapdragon,8.0,2.36,Android,8,1,128,1.0,4500,1,1,1,0,1,1,0,6.43,2412.0,1080.0,50.0,32.0,29999
Realme,Tiger,8.0,1.82,Android,4,1,128,1.0,5000,1,1,0,0,1,0,0,6.6,2408.0,1080.0,50.0,8.0,11879
OnePlus,Dimensity,8.0,2.85,Android,8,1,128,1.0,4500,1,1,1,0,1,1,0,6.7,2412.0,1080.0,50.0,16.0,28990
iQOO,Snapdragon,8.0,2.9,Android,12,1,256,1.0,4350,1,1,1,0,1,0,0,6.56,2376.0,1080.0,48.0,16.0,39990
Xiaomi,Dimensity,8.0,2.0,Android,6,1,64,1.0,5000,1,1,1,0,1,0,1,6.52,2400.0,1080.0,64.0,16.0,15999
OPPO,Snapdragon,8.0,2.2,Android,8,1,256,1.0,4500,1,1,1,0,1,0,0,6.43,2400.0,1080.0,48.0,16.0,22990
Others,Snapdragon,8.0,2.84,Android,8,1,128,1.0,3360,1,1,1,0,1,0,0,7.2,1920.0,1440.0,50.0,17.0,149999
Tecno,Helio,8.0,2.0,Android,4,1,128,1.0,5000,1,1,0,0,1,1,0,6.8,2460.0,1080.0,48.0,16.0,11499
Tecno,Helio,8.0,2.05,Android,8,1,256,1.0,5000,1,1,0,0,1,0,0,6.7,2400.0,1080.0,50.0,48.0,22999
Tecno,Helio,8.0,2.3,Android,4,1,64,1.0,5000,1,1,0,0,1,0,0,6.6,1600.0,720.0,50.0,8.0,7999
Realme,Snapdragon,8.0,3.2,Android,8,1,128,1.0,5000,1,1,1,0,1,1,0,6.62,1080.0,2400.0,64.0,16.0,31999
Others,Snapdragon,8.0,2.0,Android,6,1,64,1.0,4500,0,1,1,0,1,1,0,6.0,2520.0,1080.0,12.0,8.0,30990
Realme,Helio,8.0,2.3,Android,3,1,32,1.0,6000,1,1,0,0,1,0,0,6.52,1600.0,720.0,13.0,5.0,7999
Tecno,Helio,8.0,2.0,Android,4,1,64,1.0,7000,1,1,0,0,1,0,0,6.95,2460.0,1080.0,48.0,8.0,10999
POCO,Dimensity,8.0,2.2,Android,6,1,128,1.0,5000,1,1,1,0,1,0,0,6.67,2400.0,1080.0,50.0,16.0,14990
Motorola,Snapdragon,8.0,2.3,Android,4,1,64,1.0,6000,1,1,0,0,1,0,0,6.78,2460.0,1080.0,64.0,16.0,14499
OnePlus,Snapdragon,8.0,2.84,Android,8,1,128,1.0,4500,1,1,1,0,1,1,0,6.55,2400.0,1080.0,108.0,16.0,44999
Realme,Helio,8.0,2.0,Android,8,1,128,1.0,5000,1,1,0,0,1,0,0,6.4,2400.0,1080.0,64.0,16.0,17999
Realme,Dimensity,8.0,2.4,Android,8,1,128,1.0,5000,1,1,1,0,1,0,0,6.5,2400.0,1080.0,48.0,16.0,19999
Others,Unisoc,4.0,1.4,Android,1,1,8,1.0,2400,1,0,0,0,1,0,0,5.0,480.0,854.0,5.0,2.0,3999
Samsung,Exynos,8.0,2.9,Android,12,1,128,1.0,5000,1,1,1,0,1,1,0,6.8,3200.0,1440.0,108.0,40.0,101999
OPPO,Dimensity,8.0,2.6,Android,8,1,128,1.0,4350,1,1,1,0,1,0,0,6.53,2400.0,1080.0,64.0,32.0,38700
OnePlus,Snapdragon,8.0,2.0,Android,4,1,64,1.0,4500,1,1,0,0,1,0,0,6.3,2400.0,1080.0,48.0,13.0,19999
Samsung,Exynos,8.0,2.0,Android,4,1,64,1.0,6000,1,1,0,0,1,0,0,6.5,1600.0,720.0,48.0,8.0,10999
OnePlus,Snapdragon,8.0,1.8,Android,4,1,64,1.0,5000,1,1,0,0,1,0,0,6.52,1600.0,720.0,13.0,8.0,16990
Apple,Bionic,6.0,3.1,iOS,4,1,256,1.0,4605,1,1,1,0,1,1,0,6.47,2107.0,1026.0,50.0,17.0,55999
Apple,Bionic,6.0,3.1,iOS,4,1,256,1.0,4605,1,1,1,0,1,1,0,6.47,2107.0,1026.0,50.0,17.0,67999
OPPO,Helio,8.0,2.3,Android,3,1,32,1.0,4230,1,1,0,0,1,0,0,6.52,1600.0,720.0,13.0,5.0,9999
Xiaomi,Snapdragon,8.0,2.3,Android,4,1,128,1.0,5020,1,1,0,0,1,0,1,6.67,2400.0,1080.0,48.0,16.0,14439
Nokia,Snapdragon,8.0,2.4,Android,512,0,128,0.0,1020,1,0,0,0,0,0,0,2.4,320.0,240.0,0.3,17.0,2499
OPPO,Helio,8.0,1.8,Android,3,1,32,1.0,4230,1,1,0,0,1,0,0,6.22,720.0,1520.0,13.0,5.0,9990
Realme,Snapdragon,8.0,2.84,Android,8,1,128,1.0,4200,1,1,1,0,1,1,0,6.44,2400.0,1080.0,64.0,32.0,24999
Samsung,Exynos,8.0,2.73,Android,8,1,128,1.0,4500,1,1,1,0,1,1,0,6.7,3200.0,1440.0,64.0,10.0,85990
Xiaomi,Helio,8.0,2.05,Android,6,1,64,1.0,4500,1,1,0,0,1,0,1,6.53,2340.0,1080.0,64.0,20.0,16999
Realme,Helio,8.0,2.1,Android,2,1,16,1.0,4000,1,1,0,0,1,0,0,6.2,1520.0,720.0,13.0,8.0,8999
OPPO,Helio,8.0,2.5,Android,3,1,32,1.0,3200,1,1,0,0,1,0,0,6.0,2160.0,1080.0,13.0,16.0,15990
Nokia,Snapdragon,8.0,2.4,Android,512,0,128,0.0,4605,1,1,0,0,1,0,0,6.47,2107.0,1026.0,50.0,17.0,3999
Others,Snapdragon,8.0,1.5,Android,3,1,32,1.0,2500,1,1,0,0,1,0,0,5.0,1920.0,1080.0,13.0,13.0,3890
Samsung,Exynos,8.0,2.4,Android,512,0,128,0.0,4605,0,0,0,0,0,0,0,6.47,2107.0,1026.0,50.0,17.0,1685
Apple,Bionic,6.0,2.4,iOS,8,1,128,1.0,4532,1,1,1,1,1,1,0,6.71,2778.0,1284.0,12.0,12.0,84990
Vivo,Dimensity,8.0,2.2,Android,4,1,128,1.0,5000,1,1,1,0,1,1,0,6.58,2408.0,1080.0,50.0,8.0,21999
Others,Snapdragon,8.0,2.4,Android,512,0,128,0.0,4605,1,1,0,0,0,0,0,6.47,2107.0,1026.0,50.0,17.0,2099
Others,Helio,8.0,2.3,Android,4,1,64,1.0,5000,1,1,0,0,1,0,0,6.5,1600.0,720.0,13.0,8.0,8999
Others,Snapdragon,8.0,2.4,Android,16,0,16,0.0,1000,1,0,0,0,0,0,0,1.8,240.0,280.0,0.3,17.0,649
Tecno,Dimensity,8.0,2.2,Android,6,1,128,1.0,5000,1,1,1,0,1,1,0,6.83,2460.0,1080.0,50.0,16.0,20999
OPPO,Dimensity,8.0,3.0,Android,8,1,128,1.0,4500,1,1,1,0,1,1,0,6.43,2400.0,1080.0,50.0,32.0,32990
Motorola,Helio,8.0,2.3,Android,4,1,64,1.0,5000,1,1,0,0,1,0,0,6.5,1600.0,720.0,16.0,8.0,9022
Xiaomi,Helio,4.0,2.0,Android,3,1,32,1.0,5000,1,1,0,0,1,0,0,6.52,1600.0,720.0,8.0,5.0,8399
Infinix,Helio,8.0,2.0,Android,3,1,64,1.0,5000,1,1,0,0,1,0,0,6.6,1612.0,720.0,13.0,8.0,9999
Tecno,Helio,8.0,2.3,Android,3,1,64,1.0,5000,1,1,0,0,1,0,0,6.6,1600.0,720.0,13.0,8.0,8390
Others,Snapdragon,8.0,3.2,Android,6,1,128,1.0,4200,1,1,1,0,1,1,0,6.9,2460.0,1080.0,50.0,16.0,19999
Others,Helio,8.0,2.0,Android,4,1,64,1.0,5000,1,1,0,0,1,0,0,6.5,1600.0,720.0,50.0,5.0,13999
Xiaomi,Snapdragon,8.0,2.4,Android,8,1,128,1.0,4500,1,1,1,0,1,1,1,6.55,2400.0,1080.0,50.0,32.0,29999
Others,Helio,8.0,2.0,Android,3,1,32,1.0,3000,1,1,0,0,1,0,0,6.0,1440.0,720.0,13.0,5.0,8990
Samsung,Snapdragon,8.0,3.2,Android,12,1,1,,4400,1,1,1,0,1,1,0,7.6,2176.0,1812.0,50.0,17.0,163980
Others,Snapdragon,8.0,2.5,Android,6,1,128,1.0,5000,1,1,1,0,1,1,0,6.55,2400.0,1080.0,50.0,16.0,24990
Motorola,Snapdragon,8.0,3.2,Android,8,1,128,1.0,4450,1,1,1,0,1,1,0,6.67,2340.0,1080.0,200.0,60.0,59990
OnePlus,Snapdragon,8.0,3.2,Android,12,1,256,1.0,4800,1,1,1,0,1,1,0,6.7,2412.0,1080.0,50.0,16.0,47990
Realme,Snapdragon,8.0,3.2,Android,8,1,128,1.0,5000,1,1,1,0,1,1,0,6.7,2412.0,1080.0,50.0,16.0,40990
Samsung,Exynos,8.0,2.4,Android,8,1,128,1.0,6000,1,1,0,0,1,1,0,6.5,2400.0,1080.0,64.0,32.0,22999
Samsung,Exynos,8.0,2.4,Android,4,1,64,1.0,5000,1,1,0,0,1,0,0,6.5,1560.0,720.0,48.0,5.0,12990
Infinix,Helio,8.0,2.0,Android,8,1,128,1.0,5000,1,1,0,0,1,0,0,6.7,1080.0,2400.0,50.0,16.0,14999
POCO,Dimensity,8.0,3.0,Android,8,1,128,1.0,4500,1,1,1,0,1,1,1,6.67,2412.0,1080.0,64.0,20.0,42999
iQOO,Snapdragon,8.0,2.2,Android,4,1,128,1.0,5000,1,1,1,0,1,0,0,6.58,2412.0,1080.0,50.0,16.0,14999
Vivo,Snapdragon,8.0,2.4,Android,8,1,128,1.0,5000,1,1,0,0,1,0,0,6.44,2400.0,1080.0,50.0,16.0,22990
Vivo,Snapdragon,8.0,3.0,Android,12,1,512,1.0,4600,1,1,1,0,1,1,0,8.03,2160.0,1916.0,50.0,17.0,118990
OPPO,Snapdragon,8.0,2.84,Android,8,1,128,1.0,5000,1,1,1,0,1,0,0,6.62,2400.0,1080.0,50.0,16.0,29990
Tecno,Unisoc,8.0,2.0,Android,3,1,64,1.0,5000,1,1,0,0,1,0,0,6.6,1612.0,720.0,13.0,8.0,7399
iQOO,Snapdragon,8.0,2.2,Android,8,1,128,1.0,4200,1,1,1,0,1,0,0,6.67,2400.0,1080.0,50.0,16.0,17999
Infinix,Helio,8.0,2.0,Android,6,1,128,1.0,5000,1,1,0,0,1,0,0,6.7,2400.0,1080.0,50.0,16.0,12799
Xiaomi,Dimensity,8.0,2.5,Android,8,1,128,1.0,4500,1,1,1,0,1,0,1,6.67,1080.0,2400.0,108.0,16.0,26999
Samsung,Dimensity,8.0,2.2,Android,8,1,128,1.0,5000,1,1,1,0,1,0,0,6.6,2408.0,1080.0,64.0,8.0,22999
Apple,Bionic,6.0,3.22,iOS,6,1,1,,3095,1,1,1,0,1,1,0,6.1,2532.0,1170.0,12.0,12.0,147900
Others,Snapdragon,8.0,2.9,Android,8,1,128,1.0,5050,1,1,1,0,1,1,0,6.8,2400.0,1080.0,64.0,8.0,44999
Others,Unisoc,8.0,1.8,Android,6,1,64,1.0,5000,1,1,0,0,1,0,0,6.52,1600.0,720.0,13.0,5.0,7790
Nokia,Snapdragon,8.0,3.2,Others,6,1,128,1.0,6000,1,1,1,0,1,0,0,6.51,2400.0,1080.0,200.0,16.0,39990
Vivo,Snapdragon,8.0,2.0,Android,3,1,32,1.0,5000,1,1,0,0,1,0,0,6.51,1600.0,720.0,13.0,8.0,9999
OPPO,Snapdragon,8.0,2.4,Android,6,1,128,1.0,4000,1,1,1,0,1,0,0,6.5,2400.0,1080.0,64.0,16.0,22990
POCO,Dimensity,8.0,3.0,Android,6,1,128,1.0,5065,1,1,1,0,1,0,1,6.67,2400.0,1080.0,64.0,16.0,32999
Others,Snapdragon,8.0,2.4,Android,6,1,128,1.0,4300,1,1,1,0,1,1,0,6.57,2340.0,1080.0,108.0,32.0,32990
OPPO,Helio,8.0,2.3,Android,6,1,128,1.0,5000,1,1,0,0,1,0,0,6.51,720.0,1600.0,13.0,16.0,14999
Realme,Helio,8.0,2.05,Android,4,1,64,1.0,5000,1,1,0,0,1,0,0,6.6,2412.0,1080.0,50.0,16.0,12499
iQOO,Snapdragon,8.0,2.84,Android,8,1,128,1.0,4000,1,1,1,0,1,1,0,6.62,2400.0,1080.0,48.0,16.0,39990
Realme,Unisoc,8.0,1.6,Android,2,1,32,1.0,5000,1,1,0,0,1,0,0,6.52,1600.0,720.0,8.0,5.0,6499
Samsung,Helio,8.0,2.0,Android,6,1,128,1.0,5000,1,1,0,0,1,0,0,6.4,1600.0,720.0,48.0,13.0,18499
Realme,Snapdragon,8.0,2.84,Android,8,1,128,1.0,4500,1,1,1,0,1,1,0,6.43,2400.0,1080.0,64.0,16.0,30994
Others,Snapdragon,8.0,2.4,Android,6,1,128,1.0,4620,0,1,1,0,1,1,0,6.34,2400.0,1080.0,16.0,8.0,32999
Samsung,Exynos,8.0,2.0,Android,4,1,64,1.0,6000,1,1,0,0,1,0,0,6.5,1600.0,720.0,48.0,8.0,10499
Samsung,Exynos,8.0,2.3,Android,6,1,128,1.0,6000,1,1,0,0,1,0,0,6.4,2340.0,1080.0,64.0,32.0,19999
Samsung,Exynos,8.0,2.0,Android,6,1,128,1.0,5000,1,1,0,0,1,0,0,6.5,1600.0,720.0,48.0,13.0,17499
Xiaomi,Helio,8.0,2.0,Android,6,1,128,1.0,5000,1,1,0,0,1,0,0,6.53,1600.0,720.0,13.0,5.0,10990
Vivo,Snapdragon,8.0,2.0,Android,8,1,128,1.0,4100,1,1,0,0,1,0,0,6.44,2400.0,1080.0,48.0,32.0,19000
OPPO,Snapdragon,8.0,1.8,Android,6,1,128,1.0,5000,1,1,0,0,1,0,0,6.5,720.0,1600.0,13.0,16.0,13990
Realme,Helio,8.0,2.0,Android,4,1,64,1.0,6000,1,1,0,0,1,0,0,6.5,1600.0,720.0,48.0,8.0,10499
Others,Unisoc,8.0,1.6,Android,3,1,32,1.0,4000,1,1,0,0,1,0,0,6.09,720.0,1520.0,8.0,5.0,5890
Realme,Helio,8.0,2.3,Android,2,1,32,1.0,5000,1,1,0,0,1,0,0,6.5,1600.0,720.0,13.0,5.0,6490
Xiaomi,Snapdragon,8.0,2.84,Android,8,1,256,1.0,4780,1,1,1,0,1,1,1,6.67,2340.0,1080.0,108.0,20.0,54999
Vivo,Snapdragon,8.0,1.8,Android,4,1,64,1.0,5000,1,1,0,0,1,0,0,6.5,1544.0,720.0,13.0,13.0,9990
OnePlus,Snapdragon,8.0,2.4,Android,8,1,128,1.0,4300,1,1,0,0,1,0,0,6.55,2400.0,1080.0,64.0,16.0,24999
Nokia,Snapdragon,8.0,2.4,Android,512,0,128,0.0,4605,1,0,0,0,0,0,0,6.47,2107.0,1026.0,50.0,17.0,3399
Others,Snapdragon,8.0,2.84,Android,12,1,256,1.0,3730,1,1,0,0,1,1,0,6.5,3168.0,1440.0,48.0,16.0,59990
Samsung,Exynos,8.0,2.4,Android,2,1,32,1.0,4000,1,1,0,0,1,0,0,6.4,1560.0,720.0,13.0,8.0,9990
Realme,Helio,8.0,2.0,Android,2,1,16,1.0,4000,1,1,0,0,1,0,0,6.1,720.0,1560.0,13.0,5.0,6999
Huawei,Kirin,8.0,2.86,Others,8,1,512,1.0,4500,1,1,1,0,1,1,1,8.0,2480.0,2200.0,50.0,17.0,169000
Samsung,Snapdragon,8.0,2.2,Android,6,1,128,1.0,3400,1,1,0,0,1,1,0,6.4,2340.0,1080.0,24.0,24.0,39990
Samsung,Exynos,8.0,2.2,Android,4,1,64,1.0,3300,1,1,0,0,1,0,0,6.0,1080.0,2220.0,24.0,24.0,21490
Vivo,Snapdragon,4.0,1.2,Android,3,1,16,1.0,2730,1,1,0,0,1,0,0,5.2,1280.0,720.0,13.0,5.0,13490
POCO,Helio,8.0,2.0,Android,4,1,64,1.0,5000,1,1,0,0,1,0,0,6.71,1650.0,720.0,50.0,5.0,7999
Others,Helio,8.0,2.3,Android,4,1,64,1.0,5180,1,1,1,0,1,1,0,6.1,1560.0,720.0,13.0,8.0,8990
Others,Helio,8.0,2.3,Android,6,1,128,1.0,5000,1,1,0,0,1,0,0,6.75,1600.0,720.0,50.0,8.0,13999
Others,Snapdragon,8.0,2.4,Android,512,0,128,0.0,4605,1,0,0,0,0,0,0,6.47,2107.0,1026.0,50.0,17.0,1999
OPPO,Dimensity,8.0,2.2,Android,6,1,128,1.0,5000,1,1,1,0,1,0,0,6.56,1612.0,720.0,13.0,8.0,13990
Others,Helio,8.0,2.05,Android,8,1,128,1.0,6000,1,1,0,0,1,1,0,6.3,2340.0,1080.0,108.0,32.0,14999
Others,Helio,4.0,2.0,Android,3,1,32,1.0,4000,1,1,0,0,1,0,0,6.5,720.0,1600.0,8.0,5.0,6999
Motorola,Snapdragon,8.0,3.2,Android,8,1,128,1.0,4500,1,1,1,0,1,1,0,6.67,2400.0,1080.0,50.0,32.0,42990
Others,Snapdragon,4.0,2.4,Android,4,1,64,1.0,5000,1,1,0,0,1,0,0,6.82,1560.0,720.0,20.0,13.0,6799
Others,Helio,8.0,2.0,Android,6,1,128,1.0,8000,1,0,0,0,1,1,0,5.86,1520.0,720.0,16.0,8.0,25899
Xiaomi,Snapdragon,8.0,3.2,Android,12,1,256,1.0,5000,1,1,1,1,1,1,1,6.43,3200.0,1440.0,50.0,32.0,54999
Motorola,Snapdragon,8.0,3.2,Android,8,1,128,1.0,5000,1,1,1,1,1,1,0,6.6,2400.0,1080.0,50.0,32.0,49990
Xiaomi,Dimensity,8.0,3.1,Android,8,1,256,1.0,5000,1,1,1,0,1,1,1,6.7,2400.0,1080.0,64.0,32.0,32990
Realme,Tiger,8.0,1.82,Android,4,1,64,1.0,5000,1,1,0,0,1,0,0,6.5,1600.0,720.0,8.0,5.0,8720
OPPO,Snapdragon,8.0,3.2,Android,8,1,256,1.0,4700,1,1,1,0,1,1,0,6.73,2400.0,1080.0,50.0,32.0,69990
Others,Unisoc,4.0,1.4,Android,2,1,32,1.0,3020,1,0,0,0,1,0,0,5.0,480.0,854.0,2.0,17.0,4787
Others,Google,8.0,2.4,Android,12,1,256,1.0,5000,1,1,1,0,1,1,0,6.73,3120.0,1440.0,50.0,12.0,70990
Vivo,Snapdragon,8.0,3.2,Android,12,1,256,1.0,4800,1,1,1,0,1,1,0,8.03,2160.0,1916.0,50.0,17.0,119990
Motorola,Snapdragon,8.0,3.0,Android,8,1,128,1.0,5000,1,1,1,0,1,0,0,6.67,2460.0,1080.0,64.0,16.0,34990
Others,Snapdragon,8.0,2.2,Android,6,1,128,1.0,5000,1,1,1,0,1,0,0,6.5,1600.0,720.0,48.0,8.0,14990
POCO,Dimensity,8.0,2.85,Android,8,1,256,1.0,5080,1,1,1,0,1,1,1,6.6,2460.0,1080.0,64.0,16.0,28990
Motorola,Snapdragon,8.0,2.2,Android,6,1,128,1.0,5000,1,1,1,0,1,1,0,6.8,2400.0,1080.0,108.0,32.0,19990
Samsung,Exynos,8.0,2.4,Android,8,1,128,1.0,5000,1,1,1,0,1,0,0,6.5,2400.0,1080.0,64.0,32.0,24990
